-- MySQL Script generated by MySQL Workbench
-- Tue Dec 19 15:14:38 2017
-- Model: New Model    Version: 1.0
-- MySQL Workbench Forward Engineering

SET @OLD_UNIQUE_CHECKS=@@UNIQUE_CHECKS, UNIQUE_CHECKS=0;
SET @OLD_FOREIGN_KEY_CHECKS=@@FOREIGN_KEY_CHECKS, FOREIGN_KEY_CHECKS=0;
SET @OLD_SQL_MODE=@@SQL_MODE, SQL_MODE='TRADITIONAL,ALLOW_INVALID_DATES';

-- -----------------------------------------------------
-- Schema tireagent
-- -----------------------------------------------------
DROP SCHEMA IF EXISTS `tireagent` ;

-- -----------------------------------------------------
-- Schema tireagent
-- -----------------------------------------------------
CREATE SCHEMA IF NOT EXISTS `tireagent` DEFAULT CHARACTER SET utf8 ;
USE `tireagent` ;

-- -----------------------------------------------------
-- Table `tireagent`.`users`
-- -----------------------------------------------------
DROP TABLE IF EXISTS `tireagent`.`users` ;

CREATE TABLE IF NOT EXISTS `tireagent`.`users` (
  `id` INT(11) NOT NULL AUTO_INCREMENT,
  `name` VARCHAR(45) NULL DEFAULT NULL,
  `email` VARCHAR(45) NULL DEFAULT NULL,
  `password` TEXT NULL DEFAULT NULL,
  `filepath` TEXT NULL DEFAULT NULL,
  `remember_token` TEXT NULL DEFAULT NULL,
  `created_at` DATETIME NULL DEFAULT NULL,
  `updated_at` DATETIME NULL DEFAULT NULL,
  `deleted_at` DATETIME NULL DEFAULT NULL,
  `status` TINYINT(4) NULL DEFAULT NULL,
  PRIMARY KEY (`id`),
  UNIQUE INDEX `email_UNIQUE` (`email` ASC))
ENGINE = InnoDB
DEFAULT CHARACTER SET = utf8;


-- -----------------------------------------------------
-- Table `tireagent`.`bengkel`
-- -----------------------------------------------------
DROP TABLE IF EXISTS `tireagent`.`bengkel` ;

CREATE TABLE IF NOT EXISTS `tireagent`.`bengkel` (
  `id` INT(11) NOT NULL AUTO_INCREMENT,
  `name` VARCHAR(45) NOT NULL,
  `address` VARCHAR(1000) NOT NULL,
  `no_telp` VARCHAR(45) NULL DEFAULT NULL,
  `mobility` TINYINT(4) NOT NULL,
  `filepath` TEXT NULL DEFAULT NULL,
  `latitude` FLOAT(10,6) NOT NULL,
  `longitude` FLOAT(10,6) NOT NULL,
  `users_id` INT(11) NOT NULL,
  PRIMARY KEY (`id`),
  INDEX `fk_bengkel_users1_idx` (`users_id` ASC),
  CONSTRAINT `fk_bengkel_users1`
    FOREIGN KEY (`users_id`)
    REFERENCES `tireagent`.`users` (`id`)
    ON DELETE NO ACTION
    ON UPDATE NO ACTION)
ENGINE = InnoDB
DEFAULT CHARACTER SET = utf8;


-- -----------------------------------------------------
-- Table `tireagent`.`item`
-- -----------------------------------------------------
DROP TABLE IF EXISTS `tireagent`.`item` ;

CREATE TABLE IF NOT EXISTS `tireagent`.`item` (
  `id` INT(11) NOT NULL AUTO_INCREMENT,
  `nama` VARCHAR(45) NULL DEFAULT NULL,
  `harga` DECIMAL(14,2) NULL DEFAULT NULL,
  `bengkel_id` INT(11) NOT NULL,
  PRIMARY KEY (`id`),
  INDEX `fk_item_bengkel1_idx` (`bengkel_id` ASC),
  CONSTRAINT `fk_item_bengkel1`
    FOREIGN KEY (`bengkel_id`)
    REFERENCES `tireagent`.`bengkel` (`id`)
    ON DELETE NO ACTION
    ON UPDATE NO ACTION)
ENGINE = InnoDB
DEFAULT CHARACTER SET = utf8;


-- -----------------------------------------------------
-- Table `tireagent`.`h_order`
-- -----------------------------------------------------
DROP TABLE IF EXISTS `tireagent`.`h_order` ;

CREATE TABLE IF NOT EXISTS `tireagent`.`h_order` (
  `id` INT(11) NOT NULL AUTO_INCREMENT,
  `kodenota` VARCHAR(100) NULL,
  `date` DATETIME NOT NULL,
  `users_id` INT(11) NOT NULL,
  `grandtotal` DECIMAL(14,2) NULL DEFAULT NULL,
  `bengkel_id` INT(11) NOT NULL,
  `created_at` DATETIME NULL,
  `updated_at` DATETIME NULL,
  `deleted_at` DATETIME NULL,
  PRIMARY KEY (`id`),
  INDEX `fk_h_order_users1_idx` (`users_id` ASC),
  INDEX `fk_h_order_bengkel1_idx` (`bengkel_id` ASC),
  CONSTRAINT `fk_h_order_bengkel1`
    FOREIGN KEY (`bengkel_id`)
    REFERENCES `tireagent`.`bengkel` (`id`)
    ON DELETE NO ACTION
    ON UPDATE NO ACTION,
  CONSTRAINT `fk_h_order_users1`
    FOREIGN KEY (`users_id`)
    REFERENCES `tireagent`.`users` (`id`)
    ON DELETE NO ACTION
    ON UPDATE NO ACTION)
ENGINE = InnoDB
DEFAULT CHARACTER SET = utf8;


-- -----------------------------------------------------
-- Table `tireagent`.`d_order`
-- -----------------------------------------------------
DROP TABLE IF EXISTS `tireagent`.`d_order` ;

CREATE TABLE IF NOT EXISTS `tireagent`.`d_order` (
  `id` INT(11) NOT NULL AUTO_INCREMENT,
  `item_id` INT(11) NOT NULL,
  `h_order_id` INT(11) NOT NULL,
  `harga` DECIMAL(14,2) NULL,
  PRIMARY KEY (`id`),
  INDEX `fk_d_order_item1_idx` (`item_id` ASC),
  INDEX `fk_d_order_h_order1_idx` (`h_order_id` ASC),
  CONSTRAINT `fk_d_order_item1`
    FOREIGN KEY (`item_id`)
    REFERENCES `tireagent`.`item` (`id`)
    ON DELETE NO ACTION
    ON UPDATE NO ACTION,
  CONSTRAINT `fk_d_order_h_order1`
    FOREIGN KEY (`h_order_id`)
    REFERENCES `tireagent`.`h_order` (`id`)
    ON DELETE NO ACTION
    ON UPDATE NO ACTION)
ENGINE = InnoDB
DEFAULT CHARACTER SET = utf8;


-- -----------------------------------------------------
-- Table `tireagent`.`migrations`
-- -----------------------------------------------------
DROP TABLE IF EXISTS `tireagent`.`migrations` ;

CREATE TABLE IF NOT EXISTS `tireagent`.`migrations` (
  `id` INT(10) UNSIGNED NOT NULL,
  `migration` VARCHAR(255) CHARACTER SET 'utf8mb4' COLLATE 'utf8mb4_unicode_ci' NOT NULL,
  `batch` INT(11) NOT NULL,
  PRIMARY KEY (`id`))
ENGINE = InnoDB
AUTO_INCREMENT = 8
DEFAULT CHARACTER SET = utf8mb4
COLLATE = utf8mb4_unicode_ci;


-- -----------------------------------------------------
-- Table `tireagent`.`oauth_access_tokens`
-- -----------------------------------------------------
DROP TABLE IF EXISTS `tireagent`.`oauth_access_tokens` ;

CREATE TABLE IF NOT EXISTS `tireagent`.`oauth_access_tokens` (
  `id` VARCHAR(100) CHARACTER SET 'utf8mb4' COLLATE 'utf8mb4_unicode_ci' NOT NULL,
  `user_id` INT(11) NULL DEFAULT NULL,
  `client_id` INT(11) NOT NULL,
  `name` VARCHAR(255) CHARACTER SET 'utf8mb4' COLLATE 'utf8mb4_unicode_ci' NULL DEFAULT NULL,
  `scopes` TEXT CHARACTER SET 'utf8mb4' COLLATE 'utf8mb4_unicode_ci' NULL DEFAULT NULL,
  `revoked` TINYINT(1) NOT NULL,
  `created_at` TIMESTAMP NULL DEFAULT NULL,
  `updated_at` TIMESTAMP NULL DEFAULT NULL,
  `expires_at` DATETIME NULL DEFAULT NULL,
  PRIMARY KEY (`id`),
  INDEX `oauth_access_tokens_user_id_index` (`user_id` ASC))
ENGINE = InnoDB
DEFAULT CHARACTER SET = utf8mb4
COLLATE = utf8mb4_unicode_ci;


-- -----------------------------------------------------
-- Table `tireagent`.`oauth_auth_codes`
-- -----------------------------------------------------
DROP TABLE IF EXISTS `tireagent`.`oauth_auth_codes` ;

CREATE TABLE IF NOT EXISTS `tireagent`.`oauth_auth_codes` (
  `id` VARCHAR(100) CHARACTER SET 'utf8mb4' COLLATE 'utf8mb4_unicode_ci' NOT NULL,
  `user_id` INT(11) NOT NULL,
  `client_id` INT(11) NOT NULL,
  `scopes` TEXT CHARACTER SET 'utf8mb4' COLLATE 'utf8mb4_unicode_ci' NULL DEFAULT NULL,
  `revoked` TINYINT(1) NOT NULL,
  `expires_at` DATETIME NULL DEFAULT NULL,
  PRIMARY KEY (`id`))
ENGINE = InnoDB
DEFAULT CHARACTER SET = utf8mb4
COLLATE = utf8mb4_unicode_ci;


-- -----------------------------------------------------
-- Table `tireagent`.`oauth_clients`
-- -----------------------------------------------------
DROP TABLE IF EXISTS `tireagent`.`oauth_clients` ;

CREATE TABLE IF NOT EXISTS `tireagent`.`oauth_clients` (
  `id` INT(10) UNSIGNED NOT NULL AUTO_INCREMENT,
  `user_id` INT(11) NULL DEFAULT NULL,
  `name` VARCHAR(255) CHARACTER SET 'utf8mb4' COLLATE 'utf8mb4_unicode_ci' NOT NULL,
  `secret` VARCHAR(100) CHARACTER SET 'utf8mb4' COLLATE 'utf8mb4_unicode_ci' NOT NULL,
  `redirect` TEXT CHARACTER SET 'utf8mb4' COLLATE 'utf8mb4_unicode_ci' NOT NULL,
  `personal_access_client` TINYINT(1) NOT NULL,
  `password_client` TINYINT(1) NOT NULL,
  `revoked` TINYINT(1) NOT NULL,
  `created_at` TIMESTAMP NULL DEFAULT NULL,
  `updated_at` TIMESTAMP NULL DEFAULT NULL,
  PRIMARY KEY (`id`),
  INDEX `oauth_clients_user_id_index` (`user_id` ASC))
ENGINE = InnoDB
AUTO_INCREMENT = 3
DEFAULT CHARACTER SET = utf8mb4
COLLATE = utf8mb4_unicode_ci;


-- -----------------------------------------------------
-- Table `tireagent`.`oauth_personal_access_clients`
-- -----------------------------------------------------
DROP TABLE IF EXISTS `tireagent`.`oauth_personal_access_clients` ;

CREATE TABLE IF NOT EXISTS `tireagent`.`oauth_personal_access_clients` (
  `id` INT(10) UNSIGNED NOT NULL AUTO_INCREMENT,
  `client_id` INT(11) NOT NULL,
  `created_at` TIMESTAMP NULL DEFAULT NULL,
  `updated_at` TIMESTAMP NULL DEFAULT NULL,
  PRIMARY KEY (`id`),
  INDEX `oauth_personal_access_clients_client_id_index` (`client_id` ASC))
ENGINE = InnoDB
AUTO_INCREMENT = 2
DEFAULT CHARACTER SET = utf8mb4
COLLATE = utf8mb4_unicode_ci;


-- -----------------------------------------------------
-- Table `tireagent`.`oauth_refresh_tokens`
-- -----------------------------------------------------
DROP TABLE IF EXISTS `tireagent`.`oauth_refresh_tokens` ;

CREATE TABLE IF NOT EXISTS `tireagent`.`oauth_refresh_tokens` (
  `id` VARCHAR(100) CHARACTER SET 'utf8mb4' COLLATE 'utf8mb4_unicode_ci' NOT NULL,
  `access_token_id` VARCHAR(100) CHARACTER SET 'utf8mb4' COLLATE 'utf8mb4_unicode_ci' NOT NULL,
  `revoked` TINYINT(1) NOT NULL,
  `expires_at` DATETIME NULL DEFAULT NULL,
  PRIMARY KEY (`id`),
  INDEX `oauth_refresh_tokens_access_token_id_index` (`access_token_id` ASC))
ENGINE = InnoDB
DEFAULT CHARACTER SET = utf8mb4
COLLATE = utf8mb4_unicode_ci;


-- -----------------------------------------------------
-- Table `tireagent`.`password_resets`
-- -----------------------------------------------------
DROP TABLE IF EXISTS `tireagent`.`password_resets` ;

CREATE TABLE IF NOT EXISTS `tireagent`.`password_resets` (
  `email` VARCHAR(255) CHARACTER SET 'utf8mb4' COLLATE 'utf8mb4_unicode_ci' NOT NULL,
  `token` VARCHAR(255) CHARACTER SET 'utf8mb4' COLLATE 'utf8mb4_unicode_ci' NOT NULL,
  `created_at` TIMESTAMP NULL DEFAULT NULL,
  INDEX `password_resets_email_index` (`email` ASC))
ENGINE = InnoDB
DEFAULT CHARACTER SET = utf8mb4
COLLATE = utf8mb4_unicode_ci;


SET SQL_MODE=@OLD_SQL_MODE;
SET FOREIGN_KEY_CHECKS=@OLD_FOREIGN_KEY_CHECKS;
SET UNIQUE_CHECKS=@OLD_UNIQUE_CHECKS;

-- -----------------------------------------------------
-- Data for table `tireagent`.`users`
-- -----------------------------------------------------
START TRANSACTION;
USE `tireagent`;
INSERT INTO `tireagent`.`users` (`id`, `name`, `email`, `password`, `filepath`, `remember_token`, `created_at`, `updated_at`, `deleted_at`, `status`) VALUES (1, 'superadmin', 'sa@tireagent.com', '$2y$10$W1RWsptedsfMZugobgEIjORMTXvyjPCx.MZLLbMfSAugbp/lkx9pG', NULL, NULL, '2017-11-20 23:46:27', '2017-11-20 23:46:27', NULL, 1);

COMMIT;


-- -----------------------------------------------------
-- Data for table `tireagent`.`migrations`
-- -----------------------------------------------------
START TRANSACTION;
USE `tireagent`;
INSERT INTO `tireagent`.`migrations` (`id`, `migration`, `batch`) VALUES (1, '2014_10_12_000000_create_users_table', 1);
INSERT INTO `tireagent`.`migrations` (`id`, `migration`, `batch`) VALUES (2, '2014_10_12_100000_create_password_resets_table', 1);
INSERT INTO `tireagent`.`migrations` (`id`, `migration`, `batch`) VALUES (3, '2016_06_01_000001_create_oauth_auth_codes_table', 1);
INSERT INTO `tireagent`.`migrations` (`id`, `migration`, `batch`) VALUES (4, '2016_06_01_000002_create_oauth_access_tokens_table', 1);
INSERT INTO `tireagent`.`migrations` (`id`, `migration`, `batch`) VALUES (5, '2016_06_01_000003_create_oauth_refresh_tokens_table', 1);
INSERT INTO `tireagent`.`migrations` (`id`, `migration`, `batch`) VALUES (6, '2016_06_01_000004_create_oauth_clients_table', 1);
INSERT INTO `tireagent`.`migrations` (`id`, `migration`, `batch`) VALUES (7, '2016_06_01_000005_create_oauth_personal_access_clients_table', 1);

COMMIT;


-- -----------------------------------------------------
-- Data for table `tireagent`.`oauth_access_tokens`
-- -----------------------------------------------------
START TRANSACTION;
USE `tireagent`;
INSERT INTO `tireagent`.`oauth_access_tokens` (`id`, `user_id`, `client_id`, `name`, `scopes`, `revoked`, `created_at`, `updated_at`, `expires_at`) VALUES ('00bdb6b16420c5dd134a82dad1ac7b1c8f6efe7e85feb6f59486d67ae91d2c7b9e6682dd87de69f6', 1, 2, NULL, '[\"*\"]', 0, '2017-11-21 09:02:39', '2017-11-21 09:02:39', '2018-11-21 09:02:39');
INSERT INTO `tireagent`.`oauth_access_tokens` (`id`, `user_id`, `client_id`, `name`, `scopes`, `revoked`, `created_at`, `updated_at`, `expires_at`) VALUES ('0243d5ee4d3b970af8fb4451c45d51e77903fcdf7a2c4c94caf66c9082faf20ab93fe9fd95fe66fd', 4, 2, NULL, '[\"*\"]', 0, '2017-11-21 10:13:13', '2017-11-21 10:13:13', '2018-11-21 10:13:13');
INSERT INTO `tireagent`.`oauth_access_tokens` (`id`, `user_id`, `client_id`, `name`, `scopes`, `revoked`, `created_at`, `updated_at`, `expires_at`) VALUES ('025b8e4f7534ba0b8025e5eb3e7d71dbb8101bfc275c5eec45d7b6c12ae7a9a243cf89db8b939577', 1, 2, NULL, '[\"*\"]', 0, '2017-11-21 06:54:34', '2017-11-21 06:54:34', '2018-11-21 06:54:34');
INSERT INTO `tireagent`.`oauth_access_tokens` (`id`, `user_id`, `client_id`, `name`, `scopes`, `revoked`, `created_at`, `updated_at`, `expires_at`) VALUES ('072385c2be8fbbcd14199a709556c27efde8771622767941381e4053a195591c627be9723560dc45', 1, 2, NULL, '[\"*\"]', 0, '2017-11-21 07:09:33', '2017-11-21 07:09:33', '2018-11-21 07:09:33');
INSERT INTO `tireagent`.`oauth_access_tokens` (`id`, `user_id`, `client_id`, `name`, `scopes`, `revoked`, `created_at`, `updated_at`, `expires_at`) VALUES ('0737b96f643bf6249ede424d6976387e288523363b8212821ed71ba746c672a29aec081e5e5cdcae', 1, 2, NULL, '[\"*\"]', 0, '2017-11-21 09:43:54', '2017-11-21 09:43:54', '2018-11-21 09:43:54');
INSERT INTO `tireagent`.`oauth_access_tokens` (`id`, `user_id`, `client_id`, `name`, `scopes`, `revoked`, `created_at`, `updated_at`, `expires_at`) VALUES ('0de91c638c72f5f7a7c7f37d451627e3e2e5d9163f526d458193fa2eb9f73a3ec8e6b58042d7fa9d', 1, 2, NULL, '[\"*\"]', 0, '2017-11-21 09:03:35', '2017-11-21 09:03:35', '2018-11-21 09:03:35');
INSERT INTO `tireagent`.`oauth_access_tokens` (`id`, `user_id`, `client_id`, `name`, `scopes`, `revoked`, `created_at`, `updated_at`, `expires_at`) VALUES ('13129820d62648b6cfdc4311c42f788e4e694e6df73fc5c3b8277949cfecb12847a36f89293eefbb', 1, 2, NULL, '[\"*\"]', 0, '2017-11-21 09:44:41', '2017-11-21 09:44:41', '2018-11-21 09:44:41');
INSERT INTO `tireagent`.`oauth_access_tokens` (`id`, `user_id`, `client_id`, `name`, `scopes`, `revoked`, `created_at`, `updated_at`, `expires_at`) VALUES ('13d1c8727bd9ddae0d79190ea94d63da37663f00592deff5ac5b8aa240d03348a825f126f3e332e6', 1, 2, NULL, '[\"*\"]', 0, '2017-11-21 09:09:55', '2017-11-21 09:09:55', '2018-11-21 09:09:55');
INSERT INTO `tireagent`.`oauth_access_tokens` (`id`, `user_id`, `client_id`, `name`, `scopes`, `revoked`, `created_at`, `updated_at`, `expires_at`) VALUES ('14b53a229f95d552a28998c995a5f4a81e8f4d729ebb826b9ada163d497b307849c9e83525e2da3a', 1, 2, NULL, '[\"*\"]', 0, '2017-11-21 10:05:25', '2017-11-21 10:05:25', '2018-11-21 10:05:25');
INSERT INTO `tireagent`.`oauth_access_tokens` (`id`, `user_id`, `client_id`, `name`, `scopes`, `revoked`, `created_at`, `updated_at`, `expires_at`) VALUES ('17def1f18f9b77e5ed20f9f176f8ed7f9c37a82e9f8ee1f51523eab5aa5b5c131d5a9af54062b2c3', 1, 2, NULL, '[\"*\"]', 0, '2017-11-21 09:09:26', '2017-11-21 09:09:26', '2018-11-21 09:09:26');
INSERT INTO `tireagent`.`oauth_access_tokens` (`id`, `user_id`, `client_id`, `name`, `scopes`, `revoked`, `created_at`, `updated_at`, `expires_at`) VALUES ('19c356229f3ceba2f91cd79528f3f4525efc3f196592ee8d26040820645851e722f42dbf27bb5382', 1, 2, NULL, '[\"*\"]', 0, '2017-11-21 06:57:48', '2017-11-21 06:57:48', '2018-11-21 06:57:48');
INSERT INTO `tireagent`.`oauth_access_tokens` (`id`, `user_id`, `client_id`, `name`, `scopes`, `revoked`, `created_at`, `updated_at`, `expires_at`) VALUES ('24192ec744e856b11b8f495433a6ddd4f8e8b2d336b6b9d10f2df97b92d40b23e0288874b73fe19c', 1, 2, NULL, '[\"*\"]', 0, '2017-11-21 09:03:51', '2017-11-21 09:03:51', '2018-11-21 09:03:51');
INSERT INTO `tireagent`.`oauth_access_tokens` (`id`, `user_id`, `client_id`, `name`, `scopes`, `revoked`, `created_at`, `updated_at`, `expires_at`) VALUES ('2831eb1b098ab01ed0020225f08973c79556816cc7c96dfad693bc3e18aa0f31e7044ff479325f93', 1, 2, NULL, '[\"*\"]', 0, '2017-11-21 07:38:46', '2017-11-21 07:38:46', '2018-11-21 07:38:46');
INSERT INTO `tireagent`.`oauth_access_tokens` (`id`, `user_id`, `client_id`, `name`, `scopes`, `revoked`, `created_at`, `updated_at`, `expires_at`) VALUES ('2971c5ad59a616ee7328a5ff5591d2d0589cdfa391d1e2a85230a9cc42903bb43bb4db95b46369af', 1, 2, NULL, '[\"*\"]', 0, '2017-11-21 07:23:10', '2017-11-21 07:23:10', '2018-11-21 07:23:10');
INSERT INTO `tireagent`.`oauth_access_tokens` (`id`, `user_id`, `client_id`, `name`, `scopes`, `revoked`, `created_at`, `updated_at`, `expires_at`) VALUES ('29d68a2cefe50ed7fcbfc874fd30a97aea65cc296d8a916651351237848860db0a8ba659ccab7b73', 1, 2, NULL, '[\"*\"]', 0, '2017-11-21 07:08:57', '2017-11-21 07:08:57', '2018-11-21 07:08:57');
INSERT INTO `tireagent`.`oauth_access_tokens` (`id`, `user_id`, `client_id`, `name`, `scopes`, `revoked`, `created_at`, `updated_at`, `expires_at`) VALUES ('2ad176107be98766b646e82b735b1c47968a2eb8254a1dec97a2bc396bc8fcf46843b346c154cc59', 1, 2, NULL, '[\"*\"]', 0, '2017-11-21 07:36:24', '2017-11-21 07:36:24', '2018-11-21 07:36:24');
INSERT INTO `tireagent`.`oauth_access_tokens` (`id`, `user_id`, `client_id`, `name`, `scopes`, `revoked`, `created_at`, `updated_at`, `expires_at`) VALUES ('2b2bc957c662ec2c01b3f2e86041e7bdf5146c0585b148b524dbac9e1daa6efab6499b022fa39225', 1, 2, NULL, '[\"*\"]', 0, '2017-11-21 09:06:25', '2017-11-21 09:06:25', '2018-11-21 09:06:25');
INSERT INTO `tireagent`.`oauth_access_tokens` (`id`, `user_id`, `client_id`, `name`, `scopes`, `revoked`, `created_at`, `updated_at`, `expires_at`) VALUES ('2d8a8f2c9d5b79ab7f3eb1b4a85e4d20d2ee9816414792a1929d52c4cc01ec98c7b8c6184cdf72d9', 1, 2, NULL, '[\"*\"]', 0, '2017-11-21 06:57:42', '2017-11-21 06:57:42', '2018-11-21 06:57:42');
INSERT INTO `tireagent`.`oauth_access_tokens` (`id`, `user_id`, `client_id`, `name`, `scopes`, `revoked`, `created_at`, `updated_at`, `expires_at`) VALUES ('2d97ae30e91dc4b68d5a7fb26387330064068d76a0bc4064c4b26ab7e1471accf69ccdb3a11a9e2d', 1, 2, NULL, '[\"*\"]', 0, '2017-11-21 09:03:58', '2017-11-21 09:03:58', '2018-11-21 09:03:58');
INSERT INTO `tireagent`.`oauth_access_tokens` (`id`, `user_id`, `client_id`, `name`, `scopes`, `revoked`, `created_at`, `updated_at`, `expires_at`) VALUES ('30cdc5b9a2c3ffe00c33a2c6427d2e7b00dc3bd7db8381f7cd7a8a0a90d7e25e0074c1f8bb305187', 1, 2, NULL, '[\"*\"]', 0, '2017-11-21 09:08:15', '2017-11-21 09:08:15', '2018-11-21 09:08:15');
INSERT INTO `tireagent`.`oauth_access_tokens` (`id`, `user_id`, `client_id`, `name`, `scopes`, `revoked`, `created_at`, `updated_at`, `expires_at`) VALUES ('315056149ca513448f452fdc10a3eefd9aaa949348a7a45ac8c1785644edc93abdd573becb27402e', 1, 2, NULL, '[\"*\"]', 0, '2017-11-21 08:38:23', '2017-11-21 08:38:23', '2018-11-21 08:38:23');
INSERT INTO `tireagent`.`oauth_access_tokens` (`id`, `user_id`, `client_id`, `name`, `scopes`, `revoked`, `created_at`, `updated_at`, `expires_at`) VALUES ('31da319d4d9f5780ea43a80ef8614fadc5dc04f2c6056f37133e6f92333a670dca2a3409e6c72072', 1, 2, NULL, '[\"*\"]', 0, '2017-11-21 09:06:50', '2017-11-21 09:06:50', '2018-11-21 09:06:50');
INSERT INTO `tireagent`.`oauth_access_tokens` (`id`, `user_id`, `client_id`, `name`, `scopes`, `revoked`, `created_at`, `updated_at`, `expires_at`) VALUES ('37a45c43fb55cef2f648f75759626669c8f9225fa5a9737295774d17692fe88c5cd71681a6bc4773', 1, 2, NULL, '[\"*\"]', 0, '2017-11-21 07:39:18', '2017-11-21 07:39:18', '2018-11-21 07:39:18');
INSERT INTO `tireagent`.`oauth_access_tokens` (`id`, `user_id`, `client_id`, `name`, `scopes`, `revoked`, `created_at`, `updated_at`, `expires_at`) VALUES ('382dd0d6d1053ede576fe8eb1e314b7f45d57270b49155395ac329a1ca8f0d313371da7e4891bb63', 1, 2, NULL, '[\"*\"]', 0, '2017-11-21 10:04:59', '2017-11-21 10:04:59', '2018-11-21 10:04:59');
INSERT INTO `tireagent`.`oauth_access_tokens` (`id`, `user_id`, `client_id`, `name`, `scopes`, `revoked`, `created_at`, `updated_at`, `expires_at`) VALUES ('388c7ff31d224d9a9cb89b1a8291b7f2d58f1c9cbf6eddcbb49eb04dd5bf57d7d6f8c9791f8962eb', 1, 2, NULL, '[\"*\"]', 0, '2017-11-21 08:45:59', '2017-11-21 08:45:59', '2018-11-21 08:45:59');
INSERT INTO `tireagent`.`oauth_access_tokens` (`id`, `user_id`, `client_id`, `name`, `scopes`, `revoked`, `created_at`, `updated_at`, `expires_at`) VALUES ('3a79d797ad1db81a7aed89befe73ff28d41a46987748e46208843c79c2ce00dcab646040489a71ae', 1, 2, NULL, '[\"*\"]', 0, '2017-11-21 07:29:54', '2017-11-21 07:29:54', '2018-11-21 07:29:54');
INSERT INTO `tireagent`.`oauth_access_tokens` (`id`, `user_id`, `client_id`, `name`, `scopes`, `revoked`, `created_at`, `updated_at`, `expires_at`) VALUES ('3ab92c871cff81455670dfe1f632fab0099697907e71fe474b1715f947d316951a8f18e6837dbae5', 1, 2, NULL, '[\"*\"]', 0, '2017-11-21 06:59:10', '2017-11-21 06:59:10', '2018-11-21 06:59:10');
INSERT INTO `tireagent`.`oauth_access_tokens` (`id`, `user_id`, `client_id`, `name`, `scopes`, `revoked`, `created_at`, `updated_at`, `expires_at`) VALUES ('3d7fae809fe99689f7755d2c63d96aa4ecc3b3359ed09b104d13a5c8f1c7c88b0d2ca29786396d74', 1, 2, NULL, '[\"*\"]', 0, '2017-11-21 06:51:42', '2017-11-21 06:51:42', '2018-11-21 06:51:42');
INSERT INTO `tireagent`.`oauth_access_tokens` (`id`, `user_id`, `client_id`, `name`, `scopes`, `revoked`, `created_at`, `updated_at`, `expires_at`) VALUES ('41cf5a9e21c38ad8be523d4ad11e5ad1b11178be176b007eca95569c6228cbe86e8e407483a1d37d', 1, 2, NULL, '[\"*\"]', 0, '2017-11-21 06:50:54', '2017-11-21 06:50:54', '2018-11-21 06:50:54');
INSERT INTO `tireagent`.`oauth_access_tokens` (`id`, `user_id`, `client_id`, `name`, `scopes`, `revoked`, `created_at`, `updated_at`, `expires_at`) VALUES ('42e2862501adf672b7ea674e0dbb20c60b4697d7d7444125a7cb6b0309cb5958b53f531e5e74c5da', 1, 2, NULL, '[\"*\"]', 0, '2017-11-21 07:20:06', '2017-11-21 07:20:06', '2018-11-21 07:20:06');
INSERT INTO `tireagent`.`oauth_access_tokens` (`id`, `user_id`, `client_id`, `name`, `scopes`, `revoked`, `created_at`, `updated_at`, `expires_at`) VALUES ('43319c2e917f613800451332fafee62a6bf048b23e67ff88f84b4ccc77359415e9d5c660d512b86d', 1, 2, NULL, '[\"*\"]', 0, '2017-11-21 07:17:35', '2017-11-21 07:17:35', '2018-11-21 07:17:35');
INSERT INTO `tireagent`.`oauth_access_tokens` (`id`, `user_id`, `client_id`, `name`, `scopes`, `revoked`, `created_at`, `updated_at`, `expires_at`) VALUES ('4479db38cbd41f3846a88f7b0a4c4020446cd9fa179aee18c82619b3781f207409f0e450c2243788', 4, 2, NULL, '[\"*\"]', 0, '2017-11-21 10:08:28', '2017-11-21 10:08:28', '2018-11-21 10:08:28');
INSERT INTO `tireagent`.`oauth_access_tokens` (`id`, `user_id`, `client_id`, `name`, `scopes`, `revoked`, `created_at`, `updated_at`, `expires_at`) VALUES ('45372068b54b1b7bad6648d5363a94893f5e4717c62ba071730fca49dd7c557ac26cc89fd4badc26', 1, 2, NULL, '[\"*\"]', 0, '2017-11-21 10:06:15', '2017-11-21 10:06:15', '2018-11-21 10:06:15');
INSERT INTO `tireagent`.`oauth_access_tokens` (`id`, `user_id`, `client_id`, `name`, `scopes`, `revoked`, `created_at`, `updated_at`, `expires_at`) VALUES ('4de368e7c244cdf08ef51eab24b517afa76faa54664f721b1dd62996969263c7e4f6a237563ddc56', 1, 2, NULL, '[\"*\"]', 0, '2017-11-21 07:41:54', '2017-11-21 07:41:54', '2018-11-21 07:41:54');
INSERT INTO `tireagent`.`oauth_access_tokens` (`id`, `user_id`, `client_id`, `name`, `scopes`, `revoked`, `created_at`, `updated_at`, `expires_at`) VALUES ('50f148add76ed9ae8f018592d481182bd56d292e828d699a756d671d3b6a837fd1facd8e6b9ec090', 1, 2, NULL, '[\"*\"]', 0, '2017-11-21 07:37:09', '2017-11-21 07:37:09', '2018-11-21 07:37:09');
INSERT INTO `tireagent`.`oauth_access_tokens` (`id`, `user_id`, `client_id`, `name`, `scopes`, `revoked`, `created_at`, `updated_at`, `expires_at`) VALUES ('51c4223e20ed309e880526e748cda485397706cabaf7fd923de2158576477f6308ddee6ba1152c1f', 1, 2, NULL, '[\"*\"]', 0, '2017-11-21 08:48:42', '2017-11-21 08:48:42', '2018-11-21 08:48:42');
INSERT INTO `tireagent`.`oauth_access_tokens` (`id`, `user_id`, `client_id`, `name`, `scopes`, `revoked`, `created_at`, `updated_at`, `expires_at`) VALUES ('51e57f46135aaeb875909ccd21dc59582203adc5deb7e1ea5399708f02b420cdf235e4e138ca1084', 1, 2, NULL, '[\"*\"]', 0, '2017-11-21 09:55:28', '2017-11-21 09:55:28', '2018-11-21 09:55:28');
INSERT INTO `tireagent`.`oauth_access_tokens` (`id`, `user_id`, `client_id`, `name`, `scopes`, `revoked`, `created_at`, `updated_at`, `expires_at`) VALUES ('55a61cdbb0a627c9eac3f44415a09582721618c968dc26f0e9575d695da3e626d515dcedc4003f9e', 1, 2, NULL, '[\"*\"]', 0, '2017-11-21 09:02:30', '2017-11-21 09:02:30', '2018-11-21 09:02:30');
INSERT INTO `tireagent`.`oauth_access_tokens` (`id`, `user_id`, `client_id`, `name`, `scopes`, `revoked`, `created_at`, `updated_at`, `expires_at`) VALUES ('56dfe13fa01561bfa07bb394a918c1a138c6890338ecaedd54cbf56c344bd57372e9ec80e03b789d', 1, 2, NULL, '[\"*\"]', 0, '2017-11-21 07:27:17', '2017-11-21 07:27:17', '2018-11-21 07:27:17');
INSERT INTO `tireagent`.`oauth_access_tokens` (`id`, `user_id`, `client_id`, `name`, `scopes`, `revoked`, `created_at`, `updated_at`, `expires_at`) VALUES ('598e4555b64267277c818f99c3af4000d11c19ba48a939dab7cb908ac67320d2adbb7dca5c0c3a57', 1, 2, NULL, '[\"*\"]', 0, '2017-11-21 09:07:57', '2017-11-21 09:07:57', '2018-11-21 09:07:57');
INSERT INTO `tireagent`.`oauth_access_tokens` (`id`, `user_id`, `client_id`, `name`, `scopes`, `revoked`, `created_at`, `updated_at`, `expires_at`) VALUES ('5a2c0166f4806329c8ce2bc804f08126f303070e909bd6a00d6baeea21b16b1fb11c1e3c62e2b145', 1, 2, NULL, '[\"*\"]', 0, '2017-11-21 06:56:55', '2017-11-21 06:56:55', '2018-11-21 06:56:55');
INSERT INTO `tireagent`.`oauth_access_tokens` (`id`, `user_id`, `client_id`, `name`, `scopes`, `revoked`, `created_at`, `updated_at`, `expires_at`) VALUES ('5c1bf827cd804240e810e3b6a6979f73b0fb4d9b1c045fb700099dbd284fde33a615ebe77275a42f', 1, 2, NULL, '[\"*\"]', 0, '2017-11-21 09:54:29', '2017-11-21 09:54:29', '2018-11-21 09:54:29');
INSERT INTO `tireagent`.`oauth_access_tokens` (`id`, `user_id`, `client_id`, `name`, `scopes`, `revoked`, `created_at`, `updated_at`, `expires_at`) VALUES ('5dd13e5085e6af9c5c0ac710e6b84d344ada8457fde15ecdc28a74ca10538f009ca5a3d029704b31', 1, 2, NULL, '[\"*\"]', 0, '2017-11-21 09:56:29', '2017-11-21 09:56:29', '2018-11-21 09:56:29');
INSERT INTO `tireagent`.`oauth_access_tokens` (`id`, `user_id`, `client_id`, `name`, `scopes`, `revoked`, `created_at`, `updated_at`, `expires_at`) VALUES ('5fec7786aa4992fc7e36e8fbcf0eae5c7231455bbac1dfb00bc80f8b3e33afb6b06d5205dbb90893', 1, 2, NULL, '[\"*\"]', 0, '2017-11-21 06:57:38', '2017-11-21 06:57:38', '2018-11-21 06:57:38');
INSERT INTO `tireagent`.`oauth_access_tokens` (`id`, `user_id`, `client_id`, `name`, `scopes`, `revoked`, `created_at`, `updated_at`, `expires_at`) VALUES ('62f1fbfdf85b226827836d3b08abd2f057501fa739c7ccfc54b60c290115a2b8b29a52f6bd138818', 1, 2, NULL, '[\"*\"]', 0, '2017-11-21 07:17:51', '2017-11-21 07:17:51', '2018-11-21 07:17:51');
INSERT INTO `tireagent`.`oauth_access_tokens` (`id`, `user_id`, `client_id`, `name`, `scopes`, `revoked`, `created_at`, `updated_at`, `expires_at`) VALUES ('659906a7313063af60b01a7cd505a503d7d45d6bd373255924dd6ffe5f1805fa7fe225eca034b39e', 1, 2, NULL, '[\"*\"]', 0, '2017-11-21 07:11:53', '2017-11-21 07:11:53', '2018-11-21 07:11:53');
INSERT INTO `tireagent`.`oauth_access_tokens` (`id`, `user_id`, `client_id`, `name`, `scopes`, `revoked`, `created_at`, `updated_at`, `expires_at`) VALUES ('672a970d2bb02b0503f83d4992b93526436dd5fe2ef791c423fa7dda5a762f4a351c930fc34b115b', 1, 2, NULL, '[\"*\"]', 0, '2017-11-21 07:23:32', '2017-11-21 07:23:32', '2018-11-21 07:23:32');
INSERT INTO `tireagent`.`oauth_access_tokens` (`id`, `user_id`, `client_id`, `name`, `scopes`, `revoked`, `created_at`, `updated_at`, `expires_at`) VALUES ('6a87faf1571cd68567bba8fa7eab61699f787e970db6a3b6edb1ea137a18688677a1b0024646a2cc', 1, 2, NULL, '[\"*\"]', 0, '2017-11-21 09:53:08', '2017-11-21 09:53:08', '2018-11-21 09:53:08');
INSERT INTO `tireagent`.`oauth_access_tokens` (`id`, `user_id`, `client_id`, `name`, `scopes`, `revoked`, `created_at`, `updated_at`, `expires_at`) VALUES ('74c97f9067220458a694d8a4dc21daff25cbe4b02bed1baea64b92f2c62f2bb2f7c949ff6e6ff0a3', 1, 2, NULL, '[\"*\"]', 0, '2017-11-21 07:21:45', '2017-11-21 07:21:45', '2018-11-21 07:21:45');
INSERT INTO `tireagent`.`oauth_access_tokens` (`id`, `user_id`, `client_id`, `name`, `scopes`, `revoked`, `created_at`, `updated_at`, `expires_at`) VALUES ('76402dd1aaa77a70ffb56b30b86796b43ba512cc51f4cbc8289019cca730830959051c02dfbc7d15', 1, 2, NULL, '[\"*\"]', 0, '2017-11-21 07:09:11', '2017-11-21 07:09:11', '2018-11-21 07:09:11');
INSERT INTO `tireagent`.`oauth_access_tokens` (`id`, `user_id`, `client_id`, `name`, `scopes`, `revoked`, `created_at`, `updated_at`, `expires_at`) VALUES ('7b0fae193df2b98bda009609602f160942c85fb85010660b0c9e641c16401ea8551241ca7e089f19', 1, 2, NULL, '[\"*\"]', 0, '2017-11-21 07:29:28', '2017-11-21 07:29:28', '2018-11-21 07:29:28');
INSERT INTO `tireagent`.`oauth_access_tokens` (`id`, `user_id`, `client_id`, `name`, `scopes`, `revoked`, `created_at`, `updated_at`, `expires_at`) VALUES ('7c89f78860e8a3c5878524a23dba07e1249c2d2a1e88a69e2b6d54f25fb5ef9f4862ce07e02cf295', 1, 2, NULL, '[\"*\"]', 0, '2017-11-21 08:48:57', '2017-11-21 08:48:57', '2018-11-21 08:48:57');
INSERT INTO `tireagent`.`oauth_access_tokens` (`id`, `user_id`, `client_id`, `name`, `scopes`, `revoked`, `created_at`, `updated_at`, `expires_at`) VALUES ('88689b18c2609ccab027fa87b8cf94305de0e689f8b45c3a11b1c91d84e28be8ad445b61009f14f1', 1, 2, NULL, '[\"*\"]', 0, '2017-11-21 06:57:50', '2017-11-21 06:57:50', '2018-11-21 06:57:50');
INSERT INTO `tireagent`.`oauth_access_tokens` (`id`, `user_id`, `client_id`, `name`, `scopes`, `revoked`, `created_at`, `updated_at`, `expires_at`) VALUES ('8b79d873615f5c82036eabad1b251e163aef67ed36006018870d6df5690d8030f38884fea18c4339', 1, 2, NULL, '[\"*\"]', 0, '2017-11-21 07:32:33', '2017-11-21 07:32:33', '2018-11-21 07:32:33');
INSERT INTO `tireagent`.`oauth_access_tokens` (`id`, `user_id`, `client_id`, `name`, `scopes`, `revoked`, `created_at`, `updated_at`, `expires_at`) VALUES ('8c28fed4e3c63fe7c413cc8662bc4c89a40a2cff2486d6f435eb7b843f73f1aad0d8f77906ff7939', 1, 2, NULL, '[\"*\"]', 0, '2017-11-21 07:30:25', '2017-11-21 07:30:25', '2018-11-21 07:30:25');
INSERT INTO `tireagent`.`oauth_access_tokens` (`id`, `user_id`, `client_id`, `name`, `scopes`, `revoked`, `created_at`, `updated_at`, `expires_at`) VALUES ('8c7ac34160afa3f2d1c974ec25c948865fb236e009852c6aa9290f0fc8b6e5ac4367781ce30defff', 1, 2, NULL, '[\"*\"]', 0, '2017-11-21 07:36:13', '2017-11-21 07:36:13', '2018-11-21 07:36:13');
INSERT INTO `tireagent`.`oauth_access_tokens` (`id`, `user_id`, `client_id`, `name`, `scopes`, `revoked`, `created_at`, `updated_at`, `expires_at`) VALUES ('92d35d67eebeb5401a7e8abd04fa261526a2a7dd85822199ce687d7a0ba65e12e75f52a61c0fbe5b', 1, 2, NULL, '[\"*\"]', 0, '2017-11-21 09:56:45', '2017-11-21 09:56:45', '2018-11-21 09:56:45');
INSERT INTO `tireagent`.`oauth_access_tokens` (`id`, `user_id`, `client_id`, `name`, `scopes`, `revoked`, `created_at`, `updated_at`, `expires_at`) VALUES ('935532abf0e39e7a20f681191e078e3988d18b2cb74636e2b329f2103af57871a646719c9585ecc6', 1, 2, NULL, '[\"*\"]', 0, '2017-11-21 06:54:15', '2017-11-21 06:54:15', '2018-11-21 06:54:15');
INSERT INTO `tireagent`.`oauth_access_tokens` (`id`, `user_id`, `client_id`, `name`, `scopes`, `revoked`, `created_at`, `updated_at`, `expires_at`) VALUES ('93bd9f1f6e1a52bae6fc8ac1f69e59ff2b69e4979463dddce9adbf42919724620fc825bc9396c500', 1, 2, NULL, '[\"*\"]', 0, '2017-11-21 09:09:06', '2017-11-21 09:09:06', '2018-11-21 09:09:06');
INSERT INTO `tireagent`.`oauth_access_tokens` (`id`, `user_id`, `client_id`, `name`, `scopes`, `revoked`, `created_at`, `updated_at`, `expires_at`) VALUES ('97bb5b7db2d21b0b8ebf2393b7154146fb30012eefa452cd391b99b1721416223b3f0d1370cf2fec', 1, 2, NULL, '[\"*\"]', 0, '2017-11-21 08:52:41', '2017-11-21 08:52:41', '2018-11-21 08:52:41');
INSERT INTO `tireagent`.`oauth_access_tokens` (`id`, `user_id`, `client_id`, `name`, `scopes`, `revoked`, `created_at`, `updated_at`, `expires_at`) VALUES ('9d3755c2fbc703d0cc2cb452280db12513e014ab04f824fc7bd2883c8b24ed92bcf6531225e77c15', 1, 2, NULL, '[\"*\"]', 0, '2017-11-21 09:41:26', '2017-11-21 09:41:26', '2018-11-21 09:41:26');
INSERT INTO `tireagent`.`oauth_access_tokens` (`id`, `user_id`, `client_id`, `name`, `scopes`, `revoked`, `created_at`, `updated_at`, `expires_at`) VALUES ('9de3ee9756f8a77e2a425b6bb2128adf77c4acdfd2864b7605f8ac8c0fb95b9eec5ce9aadb4b6228', 1, 2, NULL, '[\"*\"]', 0, '2017-11-21 08:52:20', '2017-11-21 08:52:20', '2018-11-21 08:52:20');
INSERT INTO `tireagent`.`oauth_access_tokens` (`id`, `user_id`, `client_id`, `name`, `scopes`, `revoked`, `created_at`, `updated_at`, `expires_at`) VALUES ('a04f388a1104b78d6baa9aded55ca75c3cc994453e768339d9c605933ea1aa8e02bdb0606358c509', 1, 2, NULL, '[\"*\"]', 0, '2017-11-21 09:07:46', '2017-11-21 09:07:46', '2018-11-21 09:07:46');
INSERT INTO `tireagent`.`oauth_access_tokens` (`id`, `user_id`, `client_id`, `name`, `scopes`, `revoked`, `created_at`, `updated_at`, `expires_at`) VALUES ('a2b100d36c14a8e746e4ef9730dba4b5990cf2ea63319d24362095ac589321a397bcef9e6f81fe41', 1, 2, NULL, '[\"*\"]', 0, '2017-11-21 10:05:15', '2017-11-21 10:05:15', '2018-11-21 10:05:15');
INSERT INTO `tireagent`.`oauth_access_tokens` (`id`, `user_id`, `client_id`, `name`, `scopes`, `revoked`, `created_at`, `updated_at`, `expires_at`) VALUES ('a477c8df42194e6ac8a967f2881fd4f2b9431f7168c2df7d79978ce98dce66f210b8427db514b638', 1, 2, NULL, '[\"*\"]', 0, '2017-11-21 09:02:18', '2017-11-21 09:02:18', '2018-11-21 09:02:18');
INSERT INTO `tireagent`.`oauth_access_tokens` (`id`, `user_id`, `client_id`, `name`, `scopes`, `revoked`, `created_at`, `updated_at`, `expires_at`) VALUES ('ab0ce8cac6b43a5c2fba7efb8c09cdfb13669e30b5ae6855dd2a977a53863baf00d2d2be6b963d73', 1, 2, NULL, '[\"*\"]', 0, '2017-11-21 07:39:37', '2017-11-21 07:39:37', '2018-11-21 07:39:37');
INSERT INTO `tireagent`.`oauth_access_tokens` (`id`, `user_id`, `client_id`, `name`, `scopes`, `revoked`, `created_at`, `updated_at`, `expires_at`) VALUES ('ababeb6d99c31395c1512df87e89db87bcdc270185f41eb15faa45868188872a3be832699fac28d7', 1, 2, NULL, '[\"*\"]', 0, '2017-11-21 09:58:27', '2017-11-21 09:58:27', '2018-11-21 09:58:27');
INSERT INTO `tireagent`.`oauth_access_tokens` (`id`, `user_id`, `client_id`, `name`, `scopes`, `revoked`, `created_at`, `updated_at`, `expires_at`) VALUES ('af097ac72e00a81032c75cc2ba938342cca73173956fe54389a5c599649ec6dc07274d5ca689e871', 1, 2, NULL, '[\"*\"]', 0, '2017-11-21 06:51:00', '2017-11-21 06:51:00', '2018-11-21 06:51:00');
INSERT INTO `tireagent`.`oauth_access_tokens` (`id`, `user_id`, `client_id`, `name`, `scopes`, `revoked`, `created_at`, `updated_at`, `expires_at`) VALUES ('b05965f145ec40f643b660a2a1149111467ac0b83e735cfdf9ee0c207b98794eed4fbdae8c54238b', 1, 2, NULL, '[\"*\"]', 0, '2017-11-21 07:24:39', '2017-11-21 07:24:39', '2018-11-21 07:24:39');
INSERT INTO `tireagent`.`oauth_access_tokens` (`id`, `user_id`, `client_id`, `name`, `scopes`, `revoked`, `created_at`, `updated_at`, `expires_at`) VALUES ('b3f943660a2a1374116cc0c41c4c46095f2aa373541615fa7ac7cb100cc4fd3554dc55395b94c4e5', 1, 2, NULL, '[\"*\"]', 0, '2017-11-21 07:30:28', '2017-11-21 07:30:28', '2018-11-21 07:30:28');
INSERT INTO `tireagent`.`oauth_access_tokens` (`id`, `user_id`, `client_id`, `name`, `scopes`, `revoked`, `created_at`, `updated_at`, `expires_at`) VALUES ('b753c99bf8cb90263ea38e66276cff541680f2d6182ff6b1de5c4de81966cdebd8d46db001bd90eb', 1, 2, NULL, '[\"*\"]', 0, '2017-11-21 07:23:25', '2017-11-21 07:23:25', '2018-11-21 07:23:25');
INSERT INTO `tireagent`.`oauth_access_tokens` (`id`, `user_id`, `client_id`, `name`, `scopes`, `revoked`, `created_at`, `updated_at`, `expires_at`) VALUES ('b909f954b4c7c9dd303ccea9d4615ccc4118211baaea04bf489fea5f3b21967f1a423ff459195d22', 1, 2, NULL, '[\"*\"]', 0, '2017-11-21 08:49:34', '2017-11-21 08:49:34', '2018-11-21 08:49:34');
INSERT INTO `tireagent`.`oauth_access_tokens` (`id`, `user_id`, `client_id`, `name`, `scopes`, `revoked`, `created_at`, `updated_at`, `expires_at`) VALUES ('b9eb9d27dc1c44432c1aaea758841f250a205710a7940c169d524bb943646f81c2e4acf18fbd4361', 1, 2, NULL, '[\"*\"]', 0, '2017-11-21 07:26:54', '2017-11-21 07:26:54', '2018-11-21 07:26:54');
INSERT INTO `tireagent`.`oauth_access_tokens` (`id`, `user_id`, `client_id`, `name`, `scopes`, `revoked`, `created_at`, `updated_at`, `expires_at`) VALUES ('ba20aa5755567f7941b8c7b32a9879335c1a9b41f9c494ceac16f6661bd679e2d42d4c5b8a050582', 1, 2, NULL, '[\"*\"]', 0, '2017-11-21 09:06:30', '2017-11-21 09:06:30', '2018-11-21 09:06:30');
INSERT INTO `tireagent`.`oauth_access_tokens` (`id`, `user_id`, `client_id`, `name`, `scopes`, `revoked`, `created_at`, `updated_at`, `expires_at`) VALUES ('bafadff5802d05c0ccafa22a78a628b1b5cf2416e45b0b0d6714ec13bda961e31eb6f3d5fbff62d1', 1, 2, NULL, '[\"*\"]', 0, '2017-11-21 07:27:11', '2017-11-21 07:27:11', '2018-11-21 07:27:11');
INSERT INTO `tireagent`.`oauth_access_tokens` (`id`, `user_id`, `client_id`, `name`, `scopes`, `revoked`, `created_at`, `updated_at`, `expires_at`) VALUES ('bfef339365e934ca48700b38da3433c922ee691b7ce7d8d1c1a350cc030e1ccea6018c03eeb6c312', 1, 2, NULL, '[\"*\"]', 0, '2017-11-21 07:25:53', '2017-11-21 07:25:53', '2018-11-21 07:25:53');
INSERT INTO `tireagent`.`oauth_access_tokens` (`id`, `user_id`, `client_id`, `name`, `scopes`, `revoked`, `created_at`, `updated_at`, `expires_at`) VALUES ('cb7dc2112a4ccf2be92f7751b6e75609784aeff4f852f82e2f68afc1340a366cd3ce0480ea1bed77', 1, 2, NULL, '[\"*\"]', 0, '2017-11-21 10:20:25', '2017-11-21 10:20:25', '2018-11-21 10:20:25');
INSERT INTO `tireagent`.`oauth_access_tokens` (`id`, `user_id`, `client_id`, `name`, `scopes`, `revoked`, `created_at`, `updated_at`, `expires_at`) VALUES ('cd5a4180f5e3f592da895368c0e1e633051ad7876935f301d7177b229c5172c4ef615a97c5803979', 1, 2, NULL, '[\"*\"]', 0, '2017-11-21 07:28:35', '2017-11-21 07:28:35', '2018-11-21 07:28:35');
INSERT INTO `tireagent`.`oauth_access_tokens` (`id`, `user_id`, `client_id`, `name`, `scopes`, `revoked`, `created_at`, `updated_at`, `expires_at`) VALUES ('db2c278862db5729b172a040329a95b0a6d390dddae949d58d63564035623e149d2aed23021c3324', 1, 2, NULL, '[\"*\"]', 0, '2017-11-21 07:20:34', '2017-11-21 07:20:34', '2018-11-21 07:20:34');
INSERT INTO `tireagent`.`oauth_access_tokens` (`id`, `user_id`, `client_id`, `name`, `scopes`, `revoked`, `created_at`, `updated_at`, `expires_at`) VALUES ('df2ddd1241bd285368fbd2424f7e5b07c66e74e636b2d6f75f49c7f5a2ff2dd822ad6396c3c7774c', 1, 2, NULL, '[\"*\"]', 0, '2017-11-21 06:56:33', '2017-11-21 06:56:33', '2018-11-21 06:56:33');
INSERT INTO `tireagent`.`oauth_access_tokens` (`id`, `user_id`, `client_id`, `name`, `scopes`, `revoked`, `created_at`, `updated_at`, `expires_at`) VALUES ('dfd211ecffc11fdcfd63c6e0b8b125798dd7c6aebd6a50d4dd110550bf11f154fc6ee220ac1b201a', 1, 2, NULL, '[\"*\"]', 0, '2017-11-21 06:57:46', '2017-11-21 06:57:46', '2018-11-21 06:57:46');
INSERT INTO `tireagent`.`oauth_access_tokens` (`id`, `user_id`, `client_id`, `name`, `scopes`, `revoked`, `created_at`, `updated_at`, `expires_at`) VALUES ('e2e8081f176a00f5756e46738d1dc209fba272a73d3a63e96209ff5288e30b88bc4140c9e4596a21', 1, 2, NULL, '[\"*\"]', 0, '2017-11-21 06:57:44', '2017-11-21 06:57:44', '2018-11-21 06:57:44');
INSERT INTO `tireagent`.`oauth_access_tokens` (`id`, `user_id`, `client_id`, `name`, `scopes`, `revoked`, `created_at`, `updated_at`, `expires_at`) VALUES ('e3db9a48efdba5bd0d97291de733a5b136081da2a543fb3ae662584dc8075f43fc2c754b1a5ad1c2', 1, 2, NULL, '[\"*\"]', 0, '2017-11-21 10:06:38', '2017-11-21 10:06:38', '2018-11-21 10:06:38');
INSERT INTO `tireagent`.`oauth_access_tokens` (`id`, `user_id`, `client_id`, `name`, `scopes`, `revoked`, `created_at`, `updated_at`, `expires_at`) VALUES ('e73d832aa0e47f243b5fb6106cf32e43b367d8de05f73b8338116ca82f2011129aac1b2fc10034f4', 1, 2, NULL, '[\"*\"]', 0, '2017-11-21 07:20:23', '2017-11-21 07:20:23', '2018-11-21 07:20:23');
INSERT INTO `tireagent`.`oauth_access_tokens` (`id`, `user_id`, `client_id`, `name`, `scopes`, `revoked`, `created_at`, `updated_at`, `expires_at`) VALUES ('e79f203fd6bfdfc8dee452b1c0a3acf6794b884c25d777a0ede7bb04ac92ae26c5330fd53a295e1f', 1, 2, NULL, '[\"*\"]', 0, '2017-11-21 07:21:15', '2017-11-21 07:21:15', '2018-11-21 07:21:15');
INSERT INTO `tireagent`.`oauth_access_tokens` (`id`, `user_id`, `client_id`, `name`, `scopes`, `revoked`, `created_at`, `updated_at`, `expires_at`) VALUES ('e9c2ddc0b6fa300f68a6406cada89729edffc8cbe0742922e0aba38e2471a0267c8f19c176ac408b', 1, 2, NULL, '[\"*\"]', 0, '2017-11-21 06:57:45', '2017-11-21 06:57:45', '2018-11-21 06:57:45');
INSERT INTO `tireagent`.`oauth_access_tokens` (`id`, `user_id`, `client_id`, `name`, `scopes`, `revoked`, `created_at`, `updated_at`, `expires_at`) VALUES ('ea9fd138fafdb8ce3e7406f3864fa7fa6240535a75c9158962aabd2e5d265e661b450b4c9dc7da03', 1, 2, NULL, '[\"*\"]', 0, '2017-11-21 07:39:10', '2017-11-21 07:39:10', '2018-11-21 07:39:10');
INSERT INTO `tireagent`.`oauth_access_tokens` (`id`, `user_id`, `client_id`, `name`, `scopes`, `revoked`, `created_at`, `updated_at`, `expires_at`) VALUES ('ecc6c527491f3c5c182c67c1fc0acef98416a72ef14a3724a80481c98928721890451a75b5dd700d', 1, 2, NULL, '[\"*\"]', 0, '2017-11-21 08:52:35', '2017-11-21 08:52:35', '2018-11-21 08:52:35');
INSERT INTO `tireagent`.`oauth_access_tokens` (`id`, `user_id`, `client_id`, `name`, `scopes`, `revoked`, `created_at`, `updated_at`, `expires_at`) VALUES ('f09733970338e3ea791eed841c0ac99701f9d4a1f29ce1a95b915b45d1b88d1b9b6a183f11e90d2f', 1, 2, NULL, '[\"*\"]', 0, '2017-11-21 06:57:49', '2017-11-21 06:57:49', '2018-11-21 06:57:49');
INSERT INTO `tireagent`.`oauth_access_tokens` (`id`, `user_id`, `client_id`, `name`, `scopes`, `revoked`, `created_at`, `updated_at`, `expires_at`) VALUES ('f429f7ea2ab9833c386858e8bc7e5b24354563aa8cc02f4ed5cecbaa16068b2e53c0c8c3b5222037', 1, 2, NULL, '[\"*\"]', 0, '2017-11-21 06:58:37', '2017-11-21 06:58:37', '2018-11-21 06:58:37');
INSERT INTO `tireagent`.`oauth_access_tokens` (`id`, `user_id`, `client_id`, `name`, `scopes`, `revoked`, `created_at`, `updated_at`, `expires_at`) VALUES ('fa0719664354a0a41a5b93107c2cbe6dbee56686be5755d9dec02bc46f9ee57ace0c1387a5fc614f', 1, 2, NULL, '[\"*\"]', 0, '2017-11-21 10:07:10', '2017-11-21 10:07:10', '2018-11-21 10:07:10');

COMMIT;


-- -----------------------------------------------------
-- Data for table `tireagent`.`oauth_clients`
-- -----------------------------------------------------
START TRANSACTION;
USE `tireagent`;
INSERT INTO `tireagent`.`oauth_clients` (`id`, `user_id`, `name`, `secret`, `redirect`, `personal_access_client`, `password_client`, `revoked`, `created_at`, `updated_at`) VALUES (1, NULL, 'TireAgent Personal Access Client', 'BUwcpUI9gsiZbZyNg8BnySEDFQUytH3dXLoOnamv', 'http://localhost', 1, 0, 0, '2017-11-21 03:10:30', '2017-11-21 03:10:30');
INSERT INTO `tireagent`.`oauth_clients` (`id`, `user_id`, `name`, `secret`, `redirect`, `personal_access_client`, `password_client`, `revoked`, `created_at`, `updated_at`) VALUES (2, NULL, 'TireAgent Password Grant Client', 'lWhMXnKT4JdLJv4iTSlqeT9m07Edy8Spm8d0Y5Zt', 'http://localhost', 0, 1, 0, '2017-11-21 03:10:31', '2017-11-21 03:10:31');

COMMIT;


-- -----------------------------------------------------
-- Data for table `tireagent`.`oauth_personal_access_clients`
-- -----------------------------------------------------
START TRANSACTION;
USE `tireagent`;
INSERT INTO `tireagent`.`oauth_personal_access_clients` (`id`, `client_id`, `created_at`, `updated_at`) VALUES (1, 1, '2017-11-21 03:10:31', '2017-11-21 03:10:31');

COMMIT;


-- -----------------------------------------------------
-- Data for table `tireagent`.`oauth_refresh_tokens`
-- -----------------------------------------------------
START TRANSACTION;
USE `tireagent`;
INSERT INTO `tireagent`.`oauth_refresh_tokens` (`id`, `access_token_id`, `revoked`, `expires_at`) VALUES ('0032b7793656d76f079f7c55225487b7ab0a824c9e0cc8ba0cdb757d6fa59e1574bd4f2dcc91a7a6', 'e9c2ddc0b6fa300f68a6406cada89729edffc8cbe0742922e0aba38e2471a0267c8f19c176ac408b', 0, '2018-11-21 06:57:45');
INSERT INTO `tireagent`.`oauth_refresh_tokens` (`id`, `access_token_id`, `revoked`, `expires_at`) VALUES ('0177e21530eeeaadc9c0e540d5997c14665cfbe93ca97e7bccbb73b8ec0bb0f75c03fdf27b624be7', 'f09733970338e3ea791eed841c0ac99701f9d4a1f29ce1a95b915b45d1b88d1b9b6a183f11e90d2f', 0, '2018-11-21 06:57:49');
INSERT INTO `tireagent`.`oauth_refresh_tokens` (`id`, `access_token_id`, `revoked`, `expires_at`) VALUES ('030f148a45f4adbf5b728ffc34cf52da964c3aee832f4abc44f830829bcb8c86ea9bc6dae5ca9e01', '5dd13e5085e6af9c5c0ac710e6b84d344ada8457fde15ecdc28a74ca10538f009ca5a3d029704b31', 0, '2018-11-21 09:56:29');
INSERT INTO `tireagent`.`oauth_refresh_tokens` (`id`, `access_token_id`, `revoked`, `expires_at`) VALUES ('05a155773c1c2b5a5d55b385f29744255bda03e2d0bd37256699848cb87f52a5a4ef55e7ad4715f0', '51c4223e20ed309e880526e748cda485397706cabaf7fd923de2158576477f6308ddee6ba1152c1f', 0, '2018-11-21 08:48:42');
INSERT INTO `tireagent`.`oauth_refresh_tokens` (`id`, `access_token_id`, `revoked`, `expires_at`) VALUES ('05bf35d9a0d8e188b277ce390a2f9b8a30b3538f8224283d9943b7429893f80821e968219767e74e', '56dfe13fa01561bfa07bb394a918c1a138c6890338ecaedd54cbf56c344bd57372e9ec80e03b789d', 0, '2018-11-21 07:27:18');
INSERT INTO `tireagent`.`oauth_refresh_tokens` (`id`, `access_token_id`, `revoked`, `expires_at`) VALUES ('076a16939256a17f6fb81c8e8ea8303699efb592a01d1db009a93d88b63330c31bc860b11c61bf25', '7c89f78860e8a3c5878524a23dba07e1249c2d2a1e88a69e2b6d54f25fb5ef9f4862ce07e02cf295', 0, '2018-11-21 08:48:57');
INSERT INTO `tireagent`.`oauth_refresh_tokens` (`id`, `access_token_id`, `revoked`, `expires_at`) VALUES ('0bd13ad031c017cecfbff528b89e563d1f4ee619bd0c8d15f3244feb419066fb64d53ee5594e5d25', '025b8e4f7534ba0b8025e5eb3e7d71dbb8101bfc275c5eec45d7b6c12ae7a9a243cf89db8b939577', 0, '2018-11-21 06:54:34');
INSERT INTO `tireagent`.`oauth_refresh_tokens` (`id`, `access_token_id`, `revoked`, `expires_at`) VALUES ('14b430e1a1bd5dac3f475031c492af809f2c1a1165cfc0d7d39ba7afc0d539d3b9b0ba25658b3092', 'ea9fd138fafdb8ce3e7406f3864fa7fa6240535a75c9158962aabd2e5d265e661b450b4c9dc7da03', 0, '2018-11-21 07:39:10');
INSERT INTO `tireagent`.`oauth_refresh_tokens` (`id`, `access_token_id`, `revoked`, `expires_at`) VALUES ('1bac4e771e4d9eeae1a18c87bb5afc1b988975939d2b350f8479068c52e240ff21e8b0247fd28b0e', '7b0fae193df2b98bda009609602f160942c85fb85010660b0c9e641c16401ea8551241ca7e089f19', 0, '2018-11-21 07:29:28');
INSERT INTO `tireagent`.`oauth_refresh_tokens` (`id`, `access_token_id`, `revoked`, `expires_at`) VALUES ('1e9eedfc2f1d43b655234b957e4264a7b2521552c4b8c039adfc9d3ede8dcc4df039f453c4d9209b', '672a970d2bb02b0503f83d4992b93526436dd5fe2ef791c423fa7dda5a762f4a351c930fc34b115b', 0, '2018-11-21 07:23:32');
INSERT INTO `tireagent`.`oauth_refresh_tokens` (`id`, `access_token_id`, `revoked`, `expires_at`) VALUES ('233dfeb26fa62fa2ed54207e9e33ed08a971f87f7cfe8f448acefaca6229336ccc1640a886167e5a', '24192ec744e856b11b8f495433a6ddd4f8e8b2d336b6b9d10f2df97b92d40b23e0288874b73fe19c', 0, '2018-11-21 09:03:51');
INSERT INTO `tireagent`.`oauth_refresh_tokens` (`id`, `access_token_id`, `revoked`, `expires_at`) VALUES ('249773d97f489d81c159e9ace035cc24e3095f4af1988020e489c461e488132ced37206a8bfd9d1f', 'b753c99bf8cb90263ea38e66276cff541680f2d6182ff6b1de5c4de81966cdebd8d46db001bd90eb', 0, '2018-11-21 07:23:25');
INSERT INTO `tireagent`.`oauth_refresh_tokens` (`id`, `access_token_id`, `revoked`, `expires_at`) VALUES ('2719314bab673f709145e963e6202ae910f5c71570316e65f79f9c53eca09302eb63814fdca448f5', 'a2b100d36c14a8e746e4ef9730dba4b5990cf2ea63319d24362095ac589321a397bcef9e6f81fe41', 0, '2018-11-21 10:05:15');
INSERT INTO `tireagent`.`oauth_refresh_tokens` (`id`, `access_token_id`, `revoked`, `expires_at`) VALUES ('27bf1e6bc3b30acc8a1655d6af520e2709d9e87886bf7a800bedece677fe48a0d49bf5e499243d12', '3a79d797ad1db81a7aed89befe73ff28d41a46987748e46208843c79c2ce00dcab646040489a71ae', 0, '2018-11-21 07:29:54');
INSERT INTO `tireagent`.`oauth_refresh_tokens` (`id`, `access_token_id`, `revoked`, `expires_at`) VALUES ('2a990325f2af9ffd379b0575753d188b977337fefbd483c49e96010dba08ad954f0a9171228fe286', 'fa0719664354a0a41a5b93107c2cbe6dbee56686be5755d9dec02bc46f9ee57ace0c1387a5fc614f', 0, '2018-11-21 10:07:10');
INSERT INTO `tireagent`.`oauth_refresh_tokens` (`id`, `access_token_id`, `revoked`, `expires_at`) VALUES ('2bd24d03a905b73a11917d13838e5eee6be842a27ffb39cecf9d5f4d2fe809dd0d071dffde854bd4', '13d1c8727bd9ddae0d79190ea94d63da37663f00592deff5ac5b8aa240d03348a825f126f3e332e6', 0, '2018-11-21 09:09:55');
INSERT INTO `tireagent`.`oauth_refresh_tokens` (`id`, `access_token_id`, `revoked`, `expires_at`) VALUES ('2dbcf08f82352f236045ee4296884bb67fe5b2fdb7b932e8a6c659547afeefd659c540cbb8207b5a', '19c356229f3ceba2f91cd79528f3f4525efc3f196592ee8d26040820645851e722f42dbf27bb5382', 0, '2018-11-21 06:57:48');
INSERT INTO `tireagent`.`oauth_refresh_tokens` (`id`, `access_token_id`, `revoked`, `expires_at`) VALUES ('330293ec2ffef0aa84877afd27185f37ff9ea3eb8b40c0d8c070fde315bf99a895ae48c4b89f3c87', 'e73d832aa0e47f243b5fb6106cf32e43b367d8de05f73b8338116ca82f2011129aac1b2fc10034f4', 0, '2018-11-21 07:20:23');
INSERT INTO `tireagent`.`oauth_refresh_tokens` (`id`, `access_token_id`, `revoked`, `expires_at`) VALUES ('33a487a24e4ee5169584f2eabcb174dbb7e3aa5e4fbe3bf417962520ddf6fd6c7f110770a678c421', '9d3755c2fbc703d0cc2cb452280db12513e014ab04f824fc7bd2883c8b24ed92bcf6531225e77c15', 0, '2018-11-21 09:41:26');
INSERT INTO `tireagent`.`oauth_refresh_tokens` (`id`, `access_token_id`, `revoked`, `expires_at`) VALUES ('378539580d837049f79dd7e8532cfac6cea28fb2cf371b08359fd0ab5fe8467135c8d579433cca28', 'cd5a4180f5e3f592da895368c0e1e633051ad7876935f301d7177b229c5172c4ef615a97c5803979', 0, '2018-11-21 07:28:35');
INSERT INTO `tireagent`.`oauth_refresh_tokens` (`id`, `access_token_id`, `revoked`, `expires_at`) VALUES ('3ac252f8dfc8417e0da651eefb6a6637c0a30118b6abcfdc9521d577a0bd36eb40c3f6e73b259ea1', '6a87faf1571cd68567bba8fa7eab61699f787e970db6a3b6edb1ea137a18688677a1b0024646a2cc', 0, '2018-11-21 09:53:08');
INSERT INTO `tireagent`.`oauth_refresh_tokens` (`id`, `access_token_id`, `revoked`, `expires_at`) VALUES ('3b171ea96aa3b9fe8e19ebca735a2910dbb99913377d34cf571e53ed7e9b953a6f9c99926cc8eeb4', '43319c2e917f613800451332fafee62a6bf048b23e67ff88f84b4ccc77359415e9d5c660d512b86d', 0, '2018-11-21 07:17:35');
INSERT INTO `tireagent`.`oauth_refresh_tokens` (`id`, `access_token_id`, `revoked`, `expires_at`) VALUES ('3d22b7868f0f558c2b5650e7342d060ec7ffa92150482f80742eaae82068a6c150ff68dd9e174779', '5fec7786aa4992fc7e36e8fbcf0eae5c7231455bbac1dfb00bc80f8b3e33afb6b06d5205dbb90893', 0, '2018-11-21 06:57:38');
INSERT INTO `tireagent`.`oauth_refresh_tokens` (`id`, `access_token_id`, `revoked`, `expires_at`) VALUES ('3df45a029b0423b0bf4d8118f4cf5c93900606f05e7c30bdc4a68f5b06638272c94883d6f47df7aa', 'e3db9a48efdba5bd0d97291de733a5b136081da2a543fb3ae662584dc8075f43fc2c754b1a5ad1c2', 0, '2018-11-21 10:06:38');
INSERT INTO `tireagent`.`oauth_refresh_tokens` (`id`, `access_token_id`, `revoked`, `expires_at`) VALUES ('45405dfd408b1d8de341f3cb2b1357ca2106d4e87a799bf1f9fda311a8e91f22cc52a1c215a21b2f', 'b05965f145ec40f643b660a2a1149111467ac0b83e735cfdf9ee0c207b98794eed4fbdae8c54238b', 0, '2018-11-21 07:24:39');
INSERT INTO `tireagent`.`oauth_refresh_tokens` (`id`, `access_token_id`, `revoked`, `expires_at`) VALUES ('4904e1c099afcf71b2c1733bc25d432a510f8829ec8022b113fbfeeee6c5caf8263f5895e3630020', '0737b96f643bf6249ede424d6976387e288523363b8212821ed71ba746c672a29aec081e5e5cdcae', 0, '2018-11-21 09:43:54');
INSERT INTO `tireagent`.`oauth_refresh_tokens` (`id`, `access_token_id`, `revoked`, `expires_at`) VALUES ('4ba5032834ebcf070a055f3db8e04214551e2f065a308ad6827bfeb457dc2b21a0e909c570a3917f', '382dd0d6d1053ede576fe8eb1e314b7f45d57270b49155395ac329a1ca8f0d313371da7e4891bb63', 0, '2018-11-21 10:04:59');
INSERT INTO `tireagent`.`oauth_refresh_tokens` (`id`, `access_token_id`, `revoked`, `expires_at`) VALUES ('501d701b355f7570b5795efa697d4d3b9d078daffa5da588b0e3798a4de56c5bf0b663806a3676f4', 'ab0ce8cac6b43a5c2fba7efb8c09cdfb13669e30b5ae6855dd2a977a53863baf00d2d2be6b963d73', 0, '2018-11-21 07:39:37');
INSERT INTO `tireagent`.`oauth_refresh_tokens` (`id`, `access_token_id`, `revoked`, `expires_at`) VALUES ('50b4f97ef8450b140979437d485b2fe26462030c2c6cde69d55c93c1ce58a46be2567bb4fdd39a0e', '14b53a229f95d552a28998c995a5f4a81e8f4d729ebb826b9ada163d497b307849c9e83525e2da3a', 0, '2018-11-21 10:05:25');
INSERT INTO `tireagent`.`oauth_refresh_tokens` (`id`, `access_token_id`, `revoked`, `expires_at`) VALUES ('5898b8ac40c35cc75624908bb76b4f0455843eb05f603fb7d43e5cb6de6359cc03bfe8dffe02edfd', 'bfef339365e934ca48700b38da3433c922ee691b7ce7d8d1c1a350cc030e1ccea6018c03eeb6c312', 0, '2018-11-21 07:25:53');
INSERT INTO `tireagent`.`oauth_refresh_tokens` (`id`, `access_token_id`, `revoked`, `expires_at`) VALUES ('58fb7ed3a8659a407013ecc8461e3d634e5391f3ce66d601d9a0f9cdd535dad8c5b3e1d4dddae289', '97bb5b7db2d21b0b8ebf2393b7154146fb30012eefa452cd391b99b1721416223b3f0d1370cf2fec', 0, '2018-11-21 08:52:41');
INSERT INTO `tireagent`.`oauth_refresh_tokens` (`id`, `access_token_id`, `revoked`, `expires_at`) VALUES ('5a1242968e585dc6faf15cce496768b608c2b92322e55188e9eed1c73cd5918988be847558f3d50c', '935532abf0e39e7a20f681191e078e3988d18b2cb74636e2b329f2103af57871a646719c9585ecc6', 0, '2018-11-21 06:54:15');
INSERT INTO `tireagent`.`oauth_refresh_tokens` (`id`, `access_token_id`, `revoked`, `expires_at`) VALUES ('5c7d6b9b89e57d03249f6d509b7801560fd88481869cfc16a21bf573d6f44190a42510b8c85b8207', '315056149ca513448f452fdc10a3eefd9aaa949348a7a45ac8c1785644edc93abdd573becb27402e', 0, '2018-11-21 08:38:23');
INSERT INTO `tireagent`.`oauth_refresh_tokens` (`id`, `access_token_id`, `revoked`, `expires_at`) VALUES ('5f0a8cd3562c0451b9dccb68296d83323f0a3051fdb911f2c5d80a82d89696df597eeb7d5b1650dc', 'df2ddd1241bd285368fbd2424f7e5b07c66e74e636b2d6f75f49c7f5a2ff2dd822ad6396c3c7774c', 0, '2018-11-21 06:56:33');
INSERT INTO `tireagent`.`oauth_refresh_tokens` (`id`, `access_token_id`, `revoked`, `expires_at`) VALUES ('5f318e3dde0cc820acf87d159a06792e92f5d2df5bd54f2d66da606cf84f3ab5500badb8f9b1f93c', 'ba20aa5755567f7941b8c7b32a9879335c1a9b41f9c494ceac16f6661bd679e2d42d4c5b8a050582', 0, '2018-11-21 09:06:30');
INSERT INTO `tireagent`.`oauth_refresh_tokens` (`id`, `access_token_id`, `revoked`, `expires_at`) VALUES ('68563441401a769ad87fc46b7ac2ba1ae19d19e5d70125fc0c8acda1f7852e6bc6f77a20b642c00b', '598e4555b64267277c818f99c3af4000d11c19ba48a939dab7cb908ac67320d2adbb7dca5c0c3a57', 0, '2018-11-21 09:07:57');
INSERT INTO `tireagent`.`oauth_refresh_tokens` (`id`, `access_token_id`, `revoked`, `expires_at`) VALUES ('693d1011f413ada6a2aa4b2b29696e96623670ca1002f1ecf5250b0f1ebbb5ddef42583974aa3c43', 'a477c8df42194e6ac8a967f2881fd4f2b9431f7168c2df7d79978ce98dce66f210b8427db514b638', 0, '2018-11-21 09:02:19');
INSERT INTO `tireagent`.`oauth_refresh_tokens` (`id`, `access_token_id`, `revoked`, `expires_at`) VALUES ('6f2dd09af31e3464b892f31a836e71f26d51636dcc183dda998128c56a3352880cde232cb59cb518', 'db2c278862db5729b172a040329a95b0a6d390dddae949d58d63564035623e149d2aed23021c3324', 0, '2018-11-21 07:20:34');
INSERT INTO `tireagent`.`oauth_refresh_tokens` (`id`, `access_token_id`, `revoked`, `expires_at`) VALUES ('7096c9d8d571fabe62effa472fc7032064b2d193b4436be161470e659a6fbafe60eaa3ef8318115f', '76402dd1aaa77a70ffb56b30b86796b43ba512cc51f4cbc8289019cca730830959051c02dfbc7d15', 0, '2018-11-21 07:09:11');
INSERT INTO `tireagent`.`oauth_refresh_tokens` (`id`, `access_token_id`, `revoked`, `expires_at`) VALUES ('72efc4ae1fcf9efde9dd32d50e19feacf5c760b10ed3e1c2dffd765aff60f97dd3cd3697ec258583', '29d68a2cefe50ed7fcbfc874fd30a97aea65cc296d8a916651351237848860db0a8ba659ccab7b73', 0, '2018-11-21 07:08:57');
INSERT INTO `tireagent`.`oauth_refresh_tokens` (`id`, `access_token_id`, `revoked`, `expires_at`) VALUES ('7c789e81ebf4b0e53fe7c0436897553133f412f8668937853e423764adf5cdc43cea2f593bbe61ab', 'e2e8081f176a00f5756e46738d1dc209fba272a73d3a63e96209ff5288e30b88bc4140c9e4596a21', 0, '2018-11-21 06:57:44');
INSERT INTO `tireagent`.`oauth_refresh_tokens` (`id`, `access_token_id`, `revoked`, `expires_at`) VALUES ('7c7f86dbbdab9b495b15a9afd0239550492f4f3cf62071901d452a580c14dda9d888424ebdf16ad5', 'bafadff5802d05c0ccafa22a78a628b1b5cf2416e45b0b0d6714ec13bda961e31eb6f3d5fbff62d1', 0, '2018-11-21 07:27:11');
INSERT INTO `tireagent`.`oauth_refresh_tokens` (`id`, `access_token_id`, `revoked`, `expires_at`) VALUES ('80e7cd874a21fa799b801e520956ecd2ce1c2052cb08878cd11abb5dd62312d68ea5c9e1c9afdc36', '55a61cdbb0a627c9eac3f44415a09582721618c968dc26f0e9575d695da3e626d515dcedc4003f9e', 0, '2018-11-21 09:02:30');
INSERT INTO `tireagent`.`oauth_refresh_tokens` (`id`, `access_token_id`, `revoked`, `expires_at`) VALUES ('82ccbcf3a4cefe84a009ef5246087df5eb308b161bba345a01c9b6667a04e28d663852cc4768207d', '17def1f18f9b77e5ed20f9f176f8ed7f9c37a82e9f8ee1f51523eab5aa5b5c131d5a9af54062b2c3', 0, '2018-11-21 09:09:26');
INSERT INTO `tireagent`.`oauth_refresh_tokens` (`id`, `access_token_id`, `revoked`, `expires_at`) VALUES ('8835bd4621b33542368b02238e8438915d5f887ae13b7183a1aa0e930da75047ba343d3021c10716', '50f148add76ed9ae8f018592d481182bd56d292e828d699a756d671d3b6a837fd1facd8e6b9ec090', 0, '2018-11-21 07:37:09');
INSERT INTO `tireagent`.`oauth_refresh_tokens` (`id`, `access_token_id`, `revoked`, `expires_at`) VALUES ('887fa578a0cce87bf92df92feff5d423f065e486b8ecb035cfbf0cd26586e816b9bc91cade5d69d7', 'dfd211ecffc11fdcfd63c6e0b8b125798dd7c6aebd6a50d4dd110550bf11f154fc6ee220ac1b201a', 0, '2018-11-21 06:57:46');
INSERT INTO `tireagent`.`oauth_refresh_tokens` (`id`, `access_token_id`, `revoked`, `expires_at`) VALUES ('8923ce9571ae6635d221f6b141a560b884ac35d846d691f378d5db33ec423c2f589ab673f4bc4b28', '45372068b54b1b7bad6648d5363a94893f5e4717c62ba071730fca49dd7c557ac26cc89fd4badc26', 0, '2018-11-21 10:06:15');
INSERT INTO `tireagent`.`oauth_refresh_tokens` (`id`, `access_token_id`, `revoked`, `expires_at`) VALUES ('8ba7ab6e70a98d3a33439cd48bbc5b15cd5456dc80730ffa9fe68a643de833fcae36bb5ba41a2f10', '2ad176107be98766b646e82b735b1c47968a2eb8254a1dec97a2bc396bc8fcf46843b346c154cc59', 0, '2018-11-21 07:36:24');
INSERT INTO `tireagent`.`oauth_refresh_tokens` (`id`, `access_token_id`, `revoked`, `expires_at`) VALUES ('8c9363a75c59e16c81456f78d9a071850fdccf63cae47d8efa35a8e2d2f827faa6386fc1f3bda747', '92d35d67eebeb5401a7e8abd04fa261526a2a7dd85822199ce687d7a0ba65e12e75f52a61c0fbe5b', 0, '2018-11-21 09:56:45');
INSERT INTO `tireagent`.`oauth_refresh_tokens` (`id`, `access_token_id`, `revoked`, `expires_at`) VALUES ('9071ff750d0322797bdc2d0751930a265a5c1409dd6cbf5b981797aee1d87e0cf84b784b7e2eb53c', '37a45c43fb55cef2f648f75759626669c8f9225fa5a9737295774d17692fe88c5cd71681a6bc4773', 0, '2018-11-21 07:39:18');
INSERT INTO `tireagent`.`oauth_refresh_tokens` (`id`, `access_token_id`, `revoked`, `expires_at`) VALUES ('92537ec7106e4e7403b5d0b562f6d76b4bafe7dc652d131cb349dc6cde7fb8fd119d810a525d6d12', 'b9eb9d27dc1c44432c1aaea758841f250a205710a7940c169d524bb943646f81c2e4acf18fbd4361', 0, '2018-11-21 07:26:54');
INSERT INTO `tireagent`.`oauth_refresh_tokens` (`id`, `access_token_id`, `revoked`, `expires_at`) VALUES ('92d011daa2b0fa43b7a9d70421271079291f0ca8219d34d8932a52b575e38785cc710793aabcf827', '93bd9f1f6e1a52bae6fc8ac1f69e59ff2b69e4979463dddce9adbf42919724620fc825bc9396c500', 0, '2018-11-21 09:09:06');
INSERT INTO `tireagent`.`oauth_refresh_tokens` (`id`, `access_token_id`, `revoked`, `expires_at`) VALUES ('98ba2f2ae986dbc7ff36d0c2d3db1e97cf33e472373ea6b15317f820f2b59bcba3fd03125eac97c5', '3d7fae809fe99689f7755d2c63d96aa4ecc3b3359ed09b104d13a5c8f1c7c88b0d2ca29786396d74', 0, '2018-11-21 06:51:42');
INSERT INTO `tireagent`.`oauth_refresh_tokens` (`id`, `access_token_id`, `revoked`, `expires_at`) VALUES ('9a4b7a448c304cd985c4373f1985a376cac834c2a6ff82525161faf9ecfceddfbe19a1bad95605c3', 'af097ac72e00a81032c75cc2ba938342cca73173956fe54389a5c599649ec6dc07274d5ca689e871', 0, '2018-11-21 06:51:00');
INSERT INTO `tireagent`.`oauth_refresh_tokens` (`id`, `access_token_id`, `revoked`, `expires_at`) VALUES ('9c525fef915efabfc2d3e5f85b4992ce01b2c3366b5da861f0c97db905ce03e7a747d54565c08aea', '0243d5ee4d3b970af8fb4451c45d51e77903fcdf7a2c4c94caf66c9082faf20ab93fe9fd95fe66fd', 0, '2018-11-21 10:13:13');
INSERT INTO `tireagent`.`oauth_refresh_tokens` (`id`, `access_token_id`, `revoked`, `expires_at`) VALUES ('9cfe389937798f7a39b995600a52108ca6e72a6925f71218a74f6a9c2c2abd4f98f61cde2727131a', '2971c5ad59a616ee7328a5ff5591d2d0589cdfa391d1e2a85230a9cc42903bb43bb4db95b46369af', 0, '2018-11-21 07:23:10');
INSERT INTO `tireagent`.`oauth_refresh_tokens` (`id`, `access_token_id`, `revoked`, `expires_at`) VALUES ('9ead2edf8f7e20420b80aa32069b633bb5b0c7d75cc23a723fd90989539406a20b777e8de2bb5658', '51e57f46135aaeb875909ccd21dc59582203adc5deb7e1ea5399708f02b420cdf235e4e138ca1084', 0, '2018-11-21 09:55:28');
INSERT INTO `tireagent`.`oauth_refresh_tokens` (`id`, `access_token_id`, `revoked`, `expires_at`) VALUES ('9f58b99521671ab7445f632d5c763f04728e537fb3c50b323100955263c477b449fd6b065b2c23da', '9de3ee9756f8a77e2a425b6bb2128adf77c4acdfd2864b7605f8ac8c0fb95b9eec5ce9aadb4b6228', 0, '2018-11-21 08:52:20');
INSERT INTO `tireagent`.`oauth_refresh_tokens` (`id`, `access_token_id`, `revoked`, `expires_at`) VALUES ('a11018c013065b03a7c821119ac567bd95eed368a5d8bed3c164ed1f6a888b776cbbfc9bac7a5970', '88689b18c2609ccab027fa87b8cf94305de0e689f8b45c3a11b1c91d84e28be8ad445b61009f14f1', 0, '2018-11-21 06:57:50');
INSERT INTO `tireagent`.`oauth_refresh_tokens` (`id`, `access_token_id`, `revoked`, `expires_at`) VALUES ('a2c9cc6cdadee4c93dff06c4b5f9ab9adc5ee4aa750ace9516e0504c40188c642211f404781c2a22', 'b3f943660a2a1374116cc0c41c4c46095f2aa373541615fa7ac7cb100cc4fd3554dc55395b94c4e5', 0, '2018-11-21 07:30:28');
INSERT INTO `tireagent`.`oauth_refresh_tokens` (`id`, `access_token_id`, `revoked`, `expires_at`) VALUES ('a78f03e7c242dd5b0b60603a7a775970ba7c8f7715958ed998ce9080810f9dc9ac77bfc5ea7abf9b', '8c7ac34160afa3f2d1c974ec25c948865fb236e009852c6aa9290f0fc8b6e5ac4367781ce30defff', 0, '2018-11-21 07:36:14');
INSERT INTO `tireagent`.`oauth_refresh_tokens` (`id`, `access_token_id`, `revoked`, `expires_at`) VALUES ('a9b17153d0e8e7ed52fb0b04706fa101d36f791d6a2c3371b733365b6af3d0bb7c02eec147b890ef', 'b909f954b4c7c9dd303ccea9d4615ccc4118211baaea04bf489fea5f3b21967f1a423ff459195d22', 0, '2018-11-21 08:49:34');
INSERT INTO `tireagent`.`oauth_refresh_tokens` (`id`, `access_token_id`, `revoked`, `expires_at`) VALUES ('ab8864db0fde8ec2764965135164c5ad376a98cd129ff80c9d2ee31f50c9971a7ab5e0cdfd754b22', '42e2862501adf672b7ea674e0dbb20c60b4697d7d7444125a7cb6b0309cb5958b53f531e5e74c5da', 0, '2018-11-21 07:20:06');
INSERT INTO `tireagent`.`oauth_refresh_tokens` (`id`, `access_token_id`, `revoked`, `expires_at`) VALUES ('aeb48757f40d320a81e39214f22a31d7e446be204e2d7290ede83437b2d2fc6afbbbeb5a7306e81a', '62f1fbfdf85b226827836d3b08abd2f057501fa739c7ccfc54b60c290115a2b8b29a52f6bd138818', 0, '2018-11-21 07:17:51');
INSERT INTO `tireagent`.`oauth_refresh_tokens` (`id`, `access_token_id`, `revoked`, `expires_at`) VALUES ('b37a79f9cf2c5cab0b74881bd094f0acbf425795ff321275d6601e64853292bc4cf20365b23ff56e', 'a04f388a1104b78d6baa9aded55ca75c3cc994453e768339d9c605933ea1aa8e02bdb0606358c509', 0, '2018-11-21 09:07:46');
INSERT INTO `tireagent`.`oauth_refresh_tokens` (`id`, `access_token_id`, `revoked`, `expires_at`) VALUES ('ba60f6857d3406cce3df3d2625131add19bed4448bc186b0c6a4b388619d1a0d1def7bbeaef8f472', '8c28fed4e3c63fe7c413cc8662bc4c89a40a2cff2486d6f435eb7b843f73f1aad0d8f77906ff7939', 0, '2018-11-21 07:30:25');
INSERT INTO `tireagent`.`oauth_refresh_tokens` (`id`, `access_token_id`, `revoked`, `expires_at`) VALUES ('bde4be8c960e4c2c92986e89686feb1a13a6e9a71c8d036b0cbfe141e51cf3967b28fc011d21a4a0', 'e79f203fd6bfdfc8dee452b1c0a3acf6794b884c25d777a0ede7bb04ac92ae26c5330fd53a295e1f', 0, '2018-11-21 07:21:15');
INSERT INTO `tireagent`.`oauth_refresh_tokens` (`id`, `access_token_id`, `revoked`, `expires_at`) VALUES ('c13a563c55f0f4816899c3535cbb01938a37af76a20a4cc66b6212514f6c2f3d52de908fc9027b8b', '072385c2be8fbbcd14199a709556c27efde8771622767941381e4053a195591c627be9723560dc45', 0, '2018-11-21 07:09:33');
INSERT INTO `tireagent`.`oauth_refresh_tokens` (`id`, `access_token_id`, `revoked`, `expires_at`) VALUES ('c18c33f53437ec5652ebf0d5a8111d37fdaff9050193b387c03674ebba6cadc6ecf0adbcfe0f7c3f', '2d8a8f2c9d5b79ab7f3eb1b4a85e4d20d2ee9816414792a1929d52c4cc01ec98c7b8c6184cdf72d9', 0, '2018-11-21 06:57:42');
INSERT INTO `tireagent`.`oauth_refresh_tokens` (`id`, `access_token_id`, `revoked`, `expires_at`) VALUES ('c487956d64afc6d16cde7ed730b076e4272c4a559b4aea467872c0cc6ca178f86ba3a20db741cfed', '3ab92c871cff81455670dfe1f632fab0099697907e71fe474b1715f947d316951a8f18e6837dbae5', 0, '2018-11-21 06:59:10');
INSERT INTO `tireagent`.`oauth_refresh_tokens` (`id`, `access_token_id`, `revoked`, `expires_at`) VALUES ('c55055437816b35188de4444d3de53df9fea6a22878668c083a3b656909453f66ef6a48af8e4a707', '30cdc5b9a2c3ffe00c33a2c6427d2e7b00dc3bd7db8381f7cd7a8a0a90d7e25e0074c1f8bb305187', 0, '2018-11-21 09:08:15');
INSERT INTO `tireagent`.`oauth_refresh_tokens` (`id`, `access_token_id`, `revoked`, `expires_at`) VALUES ('c6676383bf18d70b92a261769aedf8f3e00173273b8e4ba9d2450cc9fc9edc38ad36fda9cfee0f9f', '2b2bc957c662ec2c01b3f2e86041e7bdf5146c0585b148b524dbac9e1daa6efab6499b022fa39225', 0, '2018-11-21 09:06:25');
INSERT INTO `tireagent`.`oauth_refresh_tokens` (`id`, `access_token_id`, `revoked`, `expires_at`) VALUES ('c7af809fef3c50b4258b2c4e0f9ac7a15cdcb5a8c35e0c5c77730ea4179f5ed3dc122295021abac1', '31da319d4d9f5780ea43a80ef8614fadc5dc04f2c6056f37133e6f92333a670dca2a3409e6c72072', 0, '2018-11-21 09:06:50');
INSERT INTO `tireagent`.`oauth_refresh_tokens` (`id`, `access_token_id`, `revoked`, `expires_at`) VALUES ('ca5e2c808fcf717fd138175e3e5e7d94ad4e7cc774b0f2abd397cbb808fe22baff6df86e1e280305', '2d97ae30e91dc4b68d5a7fb26387330064068d76a0bc4064c4b26ab7e1471accf69ccdb3a11a9e2d', 0, '2018-11-21 09:03:58');
INSERT INTO `tireagent`.`oauth_refresh_tokens` (`id`, `access_token_id`, `revoked`, `expires_at`) VALUES ('cb8e5b77aa6fe92b2f19c96d3c83b160b8757d942029ad94d6335d80ebf8b94e6703b51032b27b88', '5a2c0166f4806329c8ce2bc804f08126f303070e909bd6a00d6baeea21b16b1fb11c1e3c62e2b145', 0, '2018-11-21 06:56:55');
INSERT INTO `tireagent`.`oauth_refresh_tokens` (`id`, `access_token_id`, `revoked`, `expires_at`) VALUES ('d2dd1bddec07f1d344a578952155f0ac7c315950516aa82bd9e019a8a7ea3e7a600d8190d6660c4b', '74c97f9067220458a694d8a4dc21daff25cbe4b02bed1baea64b92f2c62f2bb2f7c949ff6e6ff0a3', 0, '2018-11-21 07:21:45');
INSERT INTO `tireagent`.`oauth_refresh_tokens` (`id`, `access_token_id`, `revoked`, `expires_at`) VALUES ('d3d9ec5b231618e690a9a8095d4787476ce6a5eefd81c0250eec8c5a7dcec047e9ebec50464f9e85', '13129820d62648b6cfdc4311c42f788e4e694e6df73fc5c3b8277949cfecb12847a36f89293eefbb', 0, '2018-11-21 09:44:41');
INSERT INTO `tireagent`.`oauth_refresh_tokens` (`id`, `access_token_id`, `revoked`, `expires_at`) VALUES ('d6f930f19b8b09280afcaf14d0163b81ec4fadeb4888a06fa61a9d807603a8dc7422571cd8da9ea6', '0de91c638c72f5f7a7c7f37d451627e3e2e5d9163f526d458193fa2eb9f73a3ec8e6b58042d7fa9d', 0, '2018-11-21 09:03:35');
INSERT INTO `tireagent`.`oauth_refresh_tokens` (`id`, `access_token_id`, `revoked`, `expires_at`) VALUES ('dbe15d50c88d89c4a4cb42b691ecc76527be0dec497b46598ca5a0beb3d091d34afcc49e4a13f484', '4479db38cbd41f3846a88f7b0a4c4020446cd9fa179aee18c82619b3781f207409f0e450c2243788', 0, '2018-11-21 10:08:28');
INSERT INTO `tireagent`.`oauth_refresh_tokens` (`id`, `access_token_id`, `revoked`, `expires_at`) VALUES ('de34876d02733387e3f819b5f9a3c24607954f04af9eee6e3dfcb3e9b640a71e9d150e3fe11cfec1', '8b79d873615f5c82036eabad1b251e163aef67ed36006018870d6df5690d8030f38884fea18c4339', 0, '2018-11-21 07:32:34');
INSERT INTO `tireagent`.`oauth_refresh_tokens` (`id`, `access_token_id`, `revoked`, `expires_at`) VALUES ('dffff9869fdd9760b69b2fa6d61fb9cbaf57b39a97bd2e35099cc93028fa261bcb88d1f9264604d2', '659906a7313063af60b01a7cd505a503d7d45d6bd373255924dd6ffe5f1805fa7fe225eca034b39e', 0, '2018-11-21 07:11:53');
INSERT INTO `tireagent`.`oauth_refresh_tokens` (`id`, `access_token_id`, `revoked`, `expires_at`) VALUES ('e1dd2e74f2b16c3d2403451861d603cf55128a3d3963cd87c0eec59a63207c82fd47dcb494c5358b', 'f429f7ea2ab9833c386858e8bc7e5b24354563aa8cc02f4ed5cecbaa16068b2e53c0c8c3b5222037', 0, '2018-11-21 06:58:37');
INSERT INTO `tireagent`.`oauth_refresh_tokens` (`id`, `access_token_id`, `revoked`, `expires_at`) VALUES ('e202131ab3e9570a2a6371b7057ac6a4da28947a2dcadecdb4357e94ebe1970594e7babb703fc23c', '41cf5a9e21c38ad8be523d4ad11e5ad1b11178be176b007eca95569c6228cbe86e8e407483a1d37d', 0, '2018-11-21 06:50:55');
INSERT INTO `tireagent`.`oauth_refresh_tokens` (`id`, `access_token_id`, `revoked`, `expires_at`) VALUES ('e473dadb1ed99d7a176a7201fa63daf3dc5d07b17610be5262564af4d2f81fd04cfd74eb6184daac', 'ababeb6d99c31395c1512df87e89db87bcdc270185f41eb15faa45868188872a3be832699fac28d7', 0, '2018-11-21 09:58:27');
INSERT INTO `tireagent`.`oauth_refresh_tokens` (`id`, `access_token_id`, `revoked`, `expires_at`) VALUES ('e5ab60755ef806932e0c1b94196d4a50480c7cea07d550f9d1412baf0e22e31ab871ced283b8d822', 'ecc6c527491f3c5c182c67c1fc0acef98416a72ef14a3724a80481c98928721890451a75b5dd700d', 0, '2018-11-21 08:52:35');
INSERT INTO `tireagent`.`oauth_refresh_tokens` (`id`, `access_token_id`, `revoked`, `expires_at`) VALUES ('e5c262ab4eaba2add8910bf3e69aaa91d52860734989dca27f1d2aa694bf41204b1fea1b9abc4944', 'cb7dc2112a4ccf2be92f7751b6e75609784aeff4f852f82e2f68afc1340a366cd3ce0480ea1bed77', 0, '2018-11-21 10:20:26');
INSERT INTO `tireagent`.`oauth_refresh_tokens` (`id`, `access_token_id`, `revoked`, `expires_at`) VALUES ('ee289a1a7c288fe2f3447562f46064908976613308a8c3ca82268be2774c88da577bc8f40bc71801', '2831eb1b098ab01ed0020225f08973c79556816cc7c96dfad693bc3e18aa0f31e7044ff479325f93', 0, '2018-11-21 07:38:46');
INSERT INTO `tireagent`.`oauth_refresh_tokens` (`id`, `access_token_id`, `revoked`, `expires_at`) VALUES ('ef1e5a293b9945518dd0fc1b816092b8b02d805545b81f967651856c467d36ef76f036ed7c0736fe', '4de368e7c244cdf08ef51eab24b517afa76faa54664f721b1dd62996969263c7e4f6a237563ddc56', 0, '2018-11-21 07:41:54');
INSERT INTO `tireagent`.`oauth_refresh_tokens` (`id`, `access_token_id`, `revoked`, `expires_at`) VALUES ('fbe092a1de1e2df5e13daf28e8743570fe74c8e8a569f0f9c62cd535c49b91b24b67baa0bd4ffb93', '5c1bf827cd804240e810e3b6a6979f73b0fb4d9b1c045fb700099dbd284fde33a615ebe77275a42f', 0, '2018-11-21 09:54:29');
INSERT INTO `tireagent`.`oauth_refresh_tokens` (`id`, `access_token_id`, `revoked`, `expires_at`) VALUES ('fc8cc186c23ae56e14137eba2db6b64178148f5f0e6bfae9faaa794399d6a9e35b0c1eb7b00c7579', '388c7ff31d224d9a9cb89b1a8291b7f2d58f1c9cbf6eddcbb49eb04dd5bf57d7d6f8c9791f8962eb', 0, '2018-11-21 08:45:59');
INSERT INTO `tireagent`.`oauth_refresh_tokens` (`id`, `access_token_id`, `revoked`, `expires_at`) VALUES ('fca28ffce37d3711b0efb7fad9dded02356952c8c27b7e7e0ae894ac50fb360bebdcb8e9c769fcb1', '00bdb6b16420c5dd134a82dad1ac7b1c8f6efe7e85feb6f59486d67ae91d2c7b9e6682dd87de69f6', 0, '2018-11-21 09:02:39');

COMMIT;

